"row_id","eta_fixed","conditional_at_u0_prediction"
"Q1_0001",-2.65607481987142,0.0656155769658074
"Q1_0002",-2.5530466775854,0.0722220732924218
"Q1_0003",-2.39825689942607,0.0833057132390856
"Q1_0004",-2.14589268771341,0.104715660144139
"Q1_0005",-2.75879599823407,0.0595918032152978
"Q1_0006",-2.68757999396774,0.0637102223468642
"Q1_0007",-2.62050701555181,0.0678302283190731
"Q1_0008",-2.38168631761885,0.0845799091550796
"Q1_0009",-2.66086152974446,0.0653227124594879
"Q1_0010",-2.53778548794139,0.0732513649092644
"Q1_0011",-2.46242757318333,0.0785344815884971
"Q1_0012",-2.29618329116578,0.0914395528655501
"Q1_0013",-2.6170673062902,0.0680480422621695
"Q1_0014",-2.47984011476583,0.0772836029176745
"Q1_0015",-2.3912624345719,0.0838414107777047
"Q1_0016",-2.01606291708319,0.117526707726296
"Q1_0017",-2.61983276763776,0.0678728729595018
"Q1_0018",-2.50896853050011,0.0752318394544679
"Q1_0019",-2.39264101054915,0.0837355802926595
"Q1_0020",-2.19167621153384,0.100500462337594
"Q1_0021",-2.86591749186798,0.0538643301789935
"Q1_0022",-2.64188842822038,0.0664907253840601
"Q1_0023",-2.53970449731455,0.0731211984396388
"Q1_0024",-2.17195597347298,0.102297271653499
"Q1_0025",-2.87611192606633,0.0533471482692751
"Q1_0026",-2.67218533152868,0.0646347240842011
"Q1_0027",-2.57285073175825,0.0709062720657763
"Q1_0028",-2.35385285860499,0.0867600135604869
"Q1_0029",-2.53023539493767,0.0737655618170252
"Q1_0030",-2.45684726885404,0.0789392614031483
"Q1_0031",-2.3284194941679,0.0887964615054193
"Q1_0032",-2.15008916122557,0.104322891633516
"Q1_0033",-2.6071145987302,0.0686819380992306
"Q1_0034",-2.48939130484084,0.0766052434532218
"Q1_0035",-2.35985196267162,0.0862858651350808
"Q1_0036",-2.20652298448159,0.0991662503814638
"Q1_0037",-2.53819276366582,0.0732237215562658
"Q1_0038",-2.43397073273785,0.0806186687622437
"Q1_0039",-2.39832882555831,0.0833002207019423
"Q1_0040",-2.04700860381077,0.114354994367279
"Q1_0041",-2.96454688013011,0.0490534713136117
"Q1_0042",-2.73553005738811,0.0609090790311435
"Q1_0043",-2.59060643986618,0.0697454261827044
"Q1_0044",-2.26277339499746,0.094253338621551
"Q1_0045",-2.81663648458206,0.0564317644449025
"Q1_0046",-2.64384053976361,0.0663696608792906
"Q1_0047",-2.5268530993407,0.0739969878853556
"Q1_0048",-2.32437406659653,0.0891243286828738
"Q1_0049",-2.88480286100157,0.0529099452648719
"Q1_0050",-2.59158664226917,0.0696818564836774
"Q1_0051",-2.49801521970357,0.0759974376818769
"Q1_0052",-2.15106638195508,0.104231615794448
"Q1_0053",-2.73707198442963,0.0608209417852196
"Q1_0054",-2.59795925191699,0.0692698749588003
"Q1_0055",-2.52762831356815,0.0739438866340973
"Q1_0056",-2.21416923834179,0.0984852832960675
"Q1_0057",-2.80968208547418,0.0568032111905015
"Q1_0058",-2.68938581888452,0.0636025875003242
"Q1_0059",-2.56399359973887,0.0714919894942967
"Q1_0060",-2.36801021616489,0.0856448305810228
"Q1_0061",-2.67801416987282,0.0642832225498052
"Q1_0062",-2.55850914958477,0.0718569088423963
"Q1_0063",-2.48314138333239,0.07704851493678
"Q1_0064",-2.26674613698773,0.0939147332934366
"Q1_0065",-2.73375232412431,0.0610108432951019
"Q1_0066",-2.68451251058258,0.0638934465709766
"Q1_0067",-2.80340287597583,0.0571405676556796
"Q1_0068",-2.76675360318606,0.0591474138479733
"Q1_0069",-2.63457224727034,0.0669462814295596
"Q1_0070",-2.24562977816523,0.0957270984622576
"Q1_0071",-2.58744706531919,0.0699506884175621
"Q1_0072",-2.47695255603948,0.0774897686845362
"Q1_0073",-2.37555567010815,0.0850557920626352
"Q1_0074",-2.11252791498081,0.107885123970916
"Q1_0075",-2.58656734238602,0.0700079427281175
"Q1_0076",-2.47203831968021,0.0778417935900908
"Q1_0077",-2.61666195314825,0.0680737532490287
"Q1_0078",-2.4352420191544,0.0805244921275223
"Q1_0079",-2.38303344315659,0.0844756647669787
"Q1_0080",-1.95688849535016,0.123804178438124
"Q1_0081",-2.79917554529615,0.0573687441401426
"Q1_0082",-2.65172606436729,0.065882704108853
"Q1_0083",-2.48524407668971,0.0768991210365576
"Q1_0084",-2.21795913139055,0.0981493057669533
"Q1_0085",-2.57525478561023,0.0707480597118754
"Q1_0086",-2.48230905011364,0.0771077246915736
"Q1_0087",-2.38204892531349,0.0845518380667869
"Q1_0088",-2.19064173795848,0.100594017527702
"Q1_0089",-2.81754576877431,0.0563833671125162
"Q1_0090",-2.55682001097294,0.071969644900541
"Q1_0091",-2.52655021934874,0.0740177443346343
"Q1_0092",-2.23768656475237,0.0964169016767299
"Q1_0093",-2.81697956589255,0.0564134990985444
"Q1_0094",-2.65203207211911,0.0658638742282956
"Q1_0095",-2.52987549184276,0.0737901556819055
"Q1_0096",-2.26649435827864,0.0939361605319796
"Q1_0097",-2.71224942912422,0.0622544030454363
"Q1_0098",-2.62513250684673,0.0675383457886454
"Q1_0099",-2.36529645841604,0.0858575834916244
"Q1_0100",-1.98934132373267,0.120326564653857
"Q1_0101",-2.53148568203345,0.0736801824579002
"Q1_0102",-2.45446647843525,0.0791125371860433
"Q1_0103",-2.35758216051093,0.0864649858587554
"Q1_0104",-2.10780262205905,0.108340757530655
"Q1_0105",-2.75867345383722,0.0595986710499456
"Q1_0106",-2.64438486122414,0.0663359401075944
"Q1_0107",-2.61019632574361,0.0684850780875093
"Q1_0108",-2.41179630962875,0.0822775806004472
"Q1_0109",-2.67106561082566,0.0647024521339344
"Q1_0110",-2.51782680891663,0.0746178654455918
"Q1_0111",-2.48470759287814,0.0769372123319147
"Q1_0112",-2.14657833982505,0.104651397478849
"Q1_0113",-2.47763120624992,0.0774412692118075
"Q1_0114",-2.40736701850936,0.0826126468236602
"Q1_0115",-2.25753786517164,0.0947012444160873
"Q1_0116",-2.05389129968187,0.113659777222709
"Q1_0117",-2.80340118835984,0.0571406585769422
"Q1_0118",-2.61413579645413,0.0682341868816961
"Q1_0119",-2.49973180927909,0.0758769833263022
"Q1_0120",-2.2873281538358,0.0921778895349295
"Q1_0121",-2.71816066530651,0.0619102038739449
"Q1_0122",-2.48726942381452,0.0767554736064251
"Q1_0123",-2.43925375829255,0.0802279611728431
"Q1_0124",-2.22644762851181,0.0974004965555576
"Q1_0125",-2.91556325983178,0.0513895561124542
"Q1_0126",-2.57392796539683,0.0708353382461556
"Q1_0127",-2.43844447114579,0.0802876999240245
"Q1_0128",-2.05197184852387,0.113853288538706
"Q1_0129",-2.59335959799048,0.0695670099829269
"Q1_0130",-2.47168603239838,0.0778670853950083
"Q1_0131",-2.36752682444059,0.0856826924700115
"Q1_0132",-2.0961626049296,0.109470355538473
"Q1_0133",-2.88403437979676,0.052948467462761
"Q1_0134",-2.72272789682936,0.0616454813913233
"Q1_0135",-2.61497295170924,0.068180981222848
"Q1_0136",-2.29337774059736,0.0916729007274748
"Q1_0137",-2.76221881462824,0.0594002753647638
"Q1_0138",-2.67275293117833,0.0646004171473631
"Q1_0139",-2.48318929876163,0.0770451076418507
"Q1_0140",-2.21412216104891,0.0984894631764134
"Q1_0141",-2.57779893732007,0.0705809826786457
"Q1_0142",-2.51242543301433,0.0749916886711872
"Q1_0143",-2.35855610026284,0.0863880865121145
"Q1_0144",-1.98603110533874,0.120677385515498
"Q1_0145",-2.66569240672307,0.0650283787336817
"Q1_0146",-2.63135835316402,0.0671473152671059
"Q1_0147",-2.51633469440345,0.0747209614296542
"Q1_0148",-2.05702993484218,0.113343970449577
"Q1_0149",-2.5198581921278,0.0744777195046939
"Q1_0150",-2.44835152572066,0.0795591825259579
"Q1_0151",-2.25352126175668,0.0950461605839205
"Q1_0152",-1.99930668862951,0.119275734489078
"Q1_0153",-2.60510053067562,0.0688108793857076
"Q1_0154",-2.47746391459305,0.0774532220617798
"Q1_0155",-2.41698583801271,0.0818865782787495
"Q1_0156",-2.14921069012171,0.104405004181133
"Q1_0157",-2.75054699586184,0.0600557653345079
"Q1_0158",-2.67957187020541,0.0641895890581806
"Q1_0159",-2.58352059743786,0.0702065666944626
"Q1_0160",-2.17451137294637,0.102062841206222
"Q1_0161",-2.94904241520378,0.0497817892073217
"Q1_0162",-2.7807360569928,0.0583740838747788
"Q1_0163",-2.71218495744899,0.0622581669302004
"Q1_0164",-2.34823601520187,0.0872060855119882
"Q1_0165",-2.0405515272257,0.115010583946845
"Q1_0166",-2.51775821577151,0.0746226019431794
"Q1_0167",-2.39504726623038,0.0835511477170484
"Q1_0168",-2.40531815236111,0.0827680587255782
"Q1_0169",-2.66760531100349,0.0649121714756723
"Q1_0170",-2.56539577977266,0.0713989674499258
"Q1_0171",-2.42370435165639,0.0813828893928157
"Q1_0172",-2.23970386373212,0.0962412962406342
"Q1_0173",-2.5476368451396,0.07258540470897
"Q1_0174",-2.43256209379661,0.0807231377916487
"Q1_0175",-2.33819270787108,0.0880088661012525
"Q1_0176",-2.15245451031854,0.104102081061876
"Q1_0177",-2.7733271833994,0.0587826590660247
"Q1_0178",-2.68623489935773,0.0637905059971418
"Q1_0179",-2.54297499895864,0.072899851084733
"Q1_0180",-2.18263734437139,0.10132053271822
"Q1_0181",-2.69703314622093,0.063148650468901
"Q1_0182",-2.62943720144942,0.0672677535477176
"Q1_0183",-2.53784296884629,0.0732474628791236
"Q1_0184",-2.25303911950901,0.095087638887613
"Q1_0185",-2.66853959340997,0.0648554849058316
"Q1_0186",-2.54513384537621,0.0727540789154107
"Q1_0187",-2.48681571403355,0.0767876315032368
"Q1_0188",-2.25509702122573,0.0949107122081347
"Q1_0189",-2.64307725616512,0.066416973197889
"Q1_0190",-2.51239215802855,0.0749939969208913
"Q1_0191",-2.50699942437802,0.0753689487606494
"Q1_0192",-2.28381223888434,0.0924725274260302
"Q1_0193",-2.79020682303576,0.057855680652444
"Q1_0194",-2.51175819137813,0.0750379869735423
"Q1_0195",-2.37051968055601,0.085448519172066
"Q1_0196",-2.08690020896884,0.110376586575272
"Q1_0197",-2.95297958315858,0.0495958769216589
"Q1_0198",-2.70224334872881,0.0628411108892483
"Q1_0199",-2.5949166501735,0.0694662935006549
"Q1_0200",-2.08252115270632,0.110807316070478
"Q1_0201",-3.12519420652155,0.0420798989135695
"Q1_0202",-3.11948425379432,0.0423106651897634
"Q1_0203",-2.77689347008802,0.0585856563960716
"Q1_0204",-2.19603989376788,0.100106672057728
"Q1_0205",-2.92960919247866,0.0507091342105831
"Q1_0206",-2.77893515499585,0.0584731520093997
"Q1_0207",-2.64348116552476,0.0663919328771383
"Q1_0208",-2.29231505497557,0.0917614278809279
"Q1_0209",-2.502504076665,0.0756828212777955
"Q1_0210",-2.43638397996619,0.080439981500229
"Q1_0211",-2.30884006102495,0.0903934724740386
"Q1_0212",-2.04589499824582,0.114467826478136
"Q1_0213",-2.85268749187901,0.0545425634881836
"Q1_0214",-2.6644069934617,0.0651065751701059
"Q1_0215",-2.54685638127189,0.0726379605397473
"Q1_0216",-2.49895574895998,0.0759314183315188
"Q1_0217",-2.29236259172707,0.0917574661846528
"Q1_0218",-2.57117351576077,0.0710168442126706
"Q1_0219",-2.3940720721809,0.0836258490017315
"Q1_0220",-2.38508767021331,0.0843169273695121
"Q1_0221",-2.17676618530545,0.101856381970861
"Q1_0222",-2.9002937223692,0.0521390452432488
"Q1_0223",-2.62986470962577,0.0672409354481439
"Q1_0224",-2.57391881326655,0.0708359406206234
"Q1_0225",-2.24727338296996,0.0955849169141062
"Q1_0226",-2.52730077988553,0.0739663180222598
"Q1_0227",-2.3940720721809,0.0836258490017315
"Q1_0228",-2.35905361110516,0.0863488284560266
"Q1_0229",-2.15591799344384,0.103779502507623
"Q1_0230",-2.52040696251041,0.0744399011614117
"Q1_0231",-2.38249777473839,0.0845171023312972
"Q1_0232",-2.3290285381203,0.088747195094205
"Q1_0233",-2.1521653994816,0.10412904802359
"Q1_0234",-3.01880877049671,0.0465833524332494
"Q1_0235",-2.80947037863767,0.0568145547886534
"Q1_0236",-2.70277509142034,0.0628098027209795
"Q1_0237",-2.24283057114824,0.0959696817573871
"Q1_0238",-2.63370507956749,0.0670004689520996
"Q1_0239",-2.55744472365832,0.0719279314861994
"Q1_0240",-2.46220409345744,0.0785506556282256
"Q1_0241",-2.16274078197589,0.103146632913263
"Q1_0242",-2.63287665674745,0.0670522734070777
"Q1_0243",-2.53299286796231,0.0735773809622093
"Q1_0244",-2.42952142088753,0.0809490645974695
"Q1_0245",-2.20889065179558,0.0989549418416124
"Q1_0246",-2.74604858313229,0.060310199660685
"Q1_0247",-2.59073979102694,0.0697367747222053
"Q1_0248",-2.5113072223073,0.0750692935126905
"Q1_0249",-2.19243196483222,0.100432162773645
"Q1_0250",-2.63428615823695,0.0669641540455084
"Q1_0251",-2.41392275227406,0.0821171597673116
"Q1_0252",-2.31989308309105,0.0894887705976746
"Q1_0253",-2.0812243934936,0.110935149027979
"Q1_0254",-2.70729108961885,0.0625444939632886
"Q1_0255",-2.53676896406224,0.0733204021876422
"Q1_0256",-2.46943669517755,0.0780287497956621
"Q1_0257",-2.21808459380918,0.098138200892944
"Q1_0258",-2.5524764432415,0.0722602917625058
"Q1_0259",-2.43630564417982,0.0804457761410777
"Q1_0260",-2.37311855079952,0.0852456437630477
"Q1_0261",-2.13829971412915,0.105429643131183
"Q1_0262",-2.7845982164389,0.0581621560275417
"Q1_0263",-2.61269943799972,0.0683255647395971
"Q1_0264",-2.54762418099032,0.0725862572231294
"Q1_0265",-2.36815052616551,0.0856338435726204
"Q1_0266",-2.65928459374027,0.0654190593430167
"Q1_0267",-2.54063593166054,0.0730580960476862
"Q1_0268",-2.48069754223702,0.0772224811951469
"Q1_0269",-2.1596486348609,0.103433030637603
"Q1_0270",-2.6560161490865,0.0656191741734584
"Q1_0271",-2.48415693518143,0.0769763279843721
"Q1_0272",-2.42110899984425,0.0815771280771295
"Q1_0273",-2.15547179869769,0.103821010113878
"Q1_0274",-2.72263641175317,0.0616507735866951
"Q1_0275",-2.59706576131424,0.0693275018653252
"Q1_0276",-2.43807567643278,0.0803149365258153
"Q1_0277",-2.80248744285368,0.0571899070932418
"Q1_0278",-2.66804137181973,0.0648857082238451
"Q1_0279",-2.53893097495778,0.0731736408358074
"Q1_0280",-2.26453215946837,0.0941033006276104
"Q1_0281",-2.70855621942743,0.0624703570518342
"Q1_0282",-2.60870657803843,0.0685801774688156
"Q1_0283",-2.52850684981229,0.0738837503340775
"Q1_0284",-2.22062880583534,0.0979132501947247
"Q1_0285",-2.74286977257532,0.0604906040058029
"Q1_0286",-2.60456773808487,0.0688450264169299
"Q1_0287",-2.56249610020603,0.0715914586483001
"Q1_0288",-2.3109733570357,0.0902182207620716
"Q1_0289",-3.69397571321086,0.0242692700649682
"Q1_0290",-3.36596919655514,0.0333761068852097
"Q1_0291",-2.84381183707424,0.0550020741089274
"Q1_0292",-2.75606160474592,0.0597452249847237
"Q1_0293",-2.77608329499973,0.0586303562716174
"Q1_0294",-2.5257151560233,0.074074999201814
"Q1_0295",-2.43191037443897,0.080771513090081
"Q1_0296",-2.13627045377836,0.105621184564512
"Q1_0297",-2.8273864149043,0.0558620824521373
"Q1_0298",-2.70294753163491,0.0627996528392818
"Q1_0299",-2.55702371964643,0.0719560403814326
"Q1_0300",-2.47724908258182,0.0774685741092179
"Q1_0301",-2.31030046309943,0.0902734663830636
"Q1_0302",-2.03673830848765,0.115399275507054
"Q1_0303",-2.82795631970545,0.0558320324192242
"Q1_0304",-2.65302950674291,0.0658025328081763
"Q1_0305",-2.59839622839152,0.0692417077061326
"Q1_0306",-2.54678887978303,0.0726425076850998
"Q1_0307",-2.46107817353872,0.0786321888991604
"Q1_0308",-2.24741179313321,0.0955729522410777
"Q1_0309",-1.90104403393887,0.129990355956731
"Q1_0310",-2.49045020111155,0.0765303740079504
"Q1_0311",-2.62938417090805,0.0672710809088769
"Q1_0312",-2.4733199147382,0.0777498473173252
"Q1_0313",-2.38212900535292,0.0845456398517416
"Q1_0314",-2.14001923152693,0.105267578162103
"Q1_0315",-2.52223534472493,0.0743140261591128
"Q1_0316",-2.45436292772746,0.0791200815715651
"Q1_0317",-2.31203213435965,0.0901313551872377
"Q1_0318",-2.67024619492532,0.0647520576342842
"Q1_0319",-2.57102897023377,0.0710263809714004
"Q1_0320",-2.38152409309411,0.0845924704216546
"Q1_0321",-2.0422264794384,0.114840211937655
"Q1_0322",-2.66114612072426,0.0653053387199508
"Q1_0323",-2.43796090792682,0.0803234142464324
"Q1_0324",-2.33554491324893,0.0882216188109525
"Q1_0325",-2.09238895191848,0.10983877864455
"Q1_0326",-2.56495752171767,0.0714280299236819
"Q1_0327",-2.45668586278525,0.0789509976896921
"Q1_0328",-2.37587797395963,0.085030713310734
"Q1_0329",-2.24029942724864,0.0961895072305655
"Q1_0330",-2.67292641533999,0.064589934776477
"Q1_0331",-2.62917167600237,0.0672844152728596
"Q1_0332",-2.37515784190651,0.0850867566832967
"Q1_0333",-2.2260278121716,0.0974374103766361
"Q1_0334",-2.55662528114317,0.0719826519929179
"Q1_0335",-2.45955544629131,0.0787425800297104
"Q1_0336",-2.91643341960927,0.0513471535359939
"Q1_0337",-2.6193538918733,0.0679031758537252
"Q1_0338",-2.54532304715951,0.0727413162202109
"Q1_0339",-2.28783623916715,0.0921353811911902
"Q1_0340",-2.52332488954727,0.074239109543152
"Q1_0341",-2.4567592758544,0.0789456594224007
"Q1_0342",-2.34414724422627,0.0875321063335995
"Q1_0343",-1.85761497228168,0.134981288626079
"Q1_0344",-2.66777027307954,0.0649021592302907
"Q1_0345",-2.43992396716634,0.0801785194095628
"Q1_0346",-2.23702519348138,0.0964745361750077
"Q1_0347",-2.00797463377491,0.11836817594141
"Q1_0348",-2.8052712241297,0.0570399926679717
"Q1_0349",-2.66085897215434,0.0653228686150035
"Q1_0350",-2.49348033171792,0.0763164987472759
"Q1_0351",-2.28000714985616,0.0927923512267084
"Q1_0352",-2.58146586340374,0.0703408133179441
"Q1_0353",-2.4821499662328,0.0771190461999812
"Q1_0354",-2.3599460955472,0.0862784439303325
"Q1_0355",-2.18751335298515,0.100877411592367
"Q1_0356",-2.56363039514304,0.0715161030894596
"Q1_0357",-2.48754459076999,0.0767359764266109
"Q1_0358",-2.38347558018263,0.084441476380194
"Q1_0359",-2.04345960673828,0.114714921680857
"Q1_0360",-3.13209814424365,0.041802484970892
"Q1_0361",-2.95963247214003,0.0492832235244799
"Q1_0362",-2.78718735797196,0.0580204867619743
"Q1_0363",-2.44139547625563,0.0800700627463873
"Q1_0364",-2.58457052538317,0.0701380608328077
"Q1_0365",-2.5498746164859,0.0724349091891294
"Q1_0366",-2.34494341629186,0.0874685367615854
"Q1_0367",-1.8883741137112,0.131429963123182
"Q1_0368",-2.83671902857253,0.0553719016545167
"Q1_0369",-2.6448927139958,0.066304492927333
"Q1_0370",-2.58998218839483,0.0697859391234199
"Q1_0371",-2.21241326768579,0.0986412987461022
"Q1_0372",-2.65598244948195,0.0656212404376067
"Q1_0373",-2.58152294875972,0.0703370804277722
"Q1_0374",-2.38540045100188,0.0842927814603698
"Q1_0375",-2.24752554964188,0.0955631197215477
"Q1_0376",-3.1405887564662,0.0414637131676451
"Q1_0377",-2.98682322412685,0.0480247184272855
"Q1_0378",-2.77431374965036,0.0587280988144301
"Q1_0379",-2.29402063351335,0.0916193817412557
"Q1_0380",-2.78645993717762,0.0580602560822809
"Q1_0381",-2.64474271861596,0.0663137794764728
"Q1_0382",-2.50372855287186,0.0755972076208704
"Q1_0383",-2.28423678980582,0.0924369046995362
"Q1_0384",-2.89613966467307,0.0523447234787813
"Q1_0385",-2.7838703438362,0.0582020412188803
"Q1_0386",-2.67401282551701,0.0645243270059643
"Q1_0387",-2.28034045520524,0.0927642967468231
"Q1_0388",-2.70602955727148,0.0626185018184976
"Q1_0389",-2.7723848888004,0.0588348153229261
"Q1_0390",-2.68453497103518,0.0638921032003416
"Q1_0391",-2.29757268944961,0.0913241894382761
"Q1_0392",-2.64150276913316,0.0665146671337559
"Q1_0393",-2.58122211444369,0.0703567544590387
"Q1_0394",-2.50355869427373,0.0756090785809872
"Q1_0395",-2.24971481553581,0.0953740671637135
"Q1_0396",-2.69522887065875,0.0632554772040189
"Q1_0397",-2.58880039627375,0.0698626951931197
"Q1_0398",-2.50538760276977,0.0754813510500711
"Q1_0399",-2.35184004151847,0.0869196272292582
"Q1_0400",-2.74632551645374,0.0602945069628528
"Q1_0401",-2.60081594157691,0.0690859261888761
"Q1_0402",-2.49204297534295,0.0764178830147551
"Q1_0403",-2.28950203753888,0.0919961377034809
"Q1_0404",-2.63684316686155,0.0668045690504979
"Q1_0405",-2.4714070877529,0.0778871170398449
"Q1_0406",-2.32858055196934,0.0887834309159829
"Q1_0407",-2.09581054013607,0.109504681856276
"Q1_0408",-2.85985187546326,0.0541742897977793
"Q1_0409",-2.69659793409853,0.0631744029047866
"Q1_0410",-2.68408364049998,0.0639191025493705
"Q1_0411",-2.81550125086518,0.056492242932504
"Q1_0412",-2.75446847927077,0.0598347827713701
"Q1_0413",-2.56175351944099,0.0716408308161965
"Q1_0414",-2.25227878575307,0.0951530826955685
"Q1_0415",-2.5877290233093,0.069932347134464
"Q1_0416",-2.51839024097535,0.0745789697629342
"Q1_0417",-2.4376597202156,0.0803456662660467
"Q1_0418",-1.92636193997988,0.127153805420983
"Q1_0419",-2.60846893639667,0.0685953588453038
"Q1_0420",-2.52117552790051,0.0743869653966224
"Q1_0421",-2.41118351623201,0.0823238632380626
"Q1_0422",-2.1620728498846,0.103208437958199
"Q1_0423",-2.73551078047068,0.0609101816640211
"Q1_0424",-2.5893294878923,0.0698283216385997
"Q1_0425",-2.47313731225501,0.0777629418030248
"Q1_0426",-2.20386433312434,0.0994040070676725
"Q1_0427",-3.18498103021475,0.0397348415161153
"Q1_0428",-2.90771266572739,0.0517736127515213
"Q1_0429",-2.71605206405993,0.0620327789896665
"Q1_0430",-2.23297433399743,0.0968282159040673
"Q1_0431",-2.78265167510649,0.058268877990497
"Q1_0432",-2.46985877158479,0.0779983909149891
"Q1_0433",-2.40489064703625,0.0828005196536731
"Q1_0434",-2.17902847341597,0.101649610430952
"Q1_0435",-2.65872706239906,0.0654531547382303
"Q1_0436",-2.59374246292583,0.069542232198997
"Q1_0437",-2.37148459480378,0.085373144107423
"Q1_0438",-2.72799611362383,0.0613414425602556
"Q1_0439",-2.5479639054613,0.0725633911440483
"Q1_0440",-2.48956494679164,0.0765929614663542
"Q1_0441",-2.21611125930886,0.0983129935510951
"Q1_0442",-2.65339522064372,0.0657800550082005
"Q1_0443",-2.68381683219961,0.0639350684682446
"Q1_0444",-2.53060130006332,0.073740565539415
"Q1_0445",-2.42400166594873,0.0813606650273693
"Q1_0446",-2.08685663367899,0.110380865462314
"Q1_0447",-2.46537844931486,0.0783212014857527
"Q1_0448",-2.72849765693357,0.0613125707161325
"Q1_0449",-2.62491807794255,0.0675518511124107
"Q1_0450",-2.49244068557299,0.0763898180747791
"Q1_0451",-2.2390642736581,0.0962969414554944
"Q1_0452",-3.02355524980471,0.0463729985207982
"Q1_0453",-2.54018040679138,0.0730889504701086
"Q1_0454",-2.47152902014804,0.0778783602188795
"Q1_0455",-2.35702764213448,0.0865087966407458
"Q1_0456",-2.1223989354193,0.106938749185935
"Q1_0457",-2.93777710586475,0.0503173892912655
"Q1_0458",-2.79396473400518,0.0576511829564469
"Q1_0459",-2.63026126450228,0.0672160679559682
"Q1_0460",-2.1456885019187,0.104734804166818
"Q1_0461",-2.61889912928847,0.0679319644959051
"Q1_0462",-2.58850003604991,0.0698822156926797
"Q1_0463",-2.49701248609812,0.0760678814118614
"Q1_0464",-2.40819076672031,0.0825502382221182
"Q1_0465",-2.02912637836764,0.116178596450713
"Q1_0466",-2.60711562740761,0.0686818723001875
"Q1_0467",-2.53478788077416,0.0734551197734109
"Q1_0468",-2.32728881784258,0.0888879889372774
"Q1_0469",-1.96552862470039,0.122869968036496
"Q1_0470",-2.68638561579788,0.0637815056105577
"Q1_0471",-2.55899968563807,0.0718242001494397
"Q1_0472",-2.48922909618466,0.0766167183755428
"Q1_0473",-2.2479879387082,0.095523162533064
"Q1_0474",-2.59616793697663,0.0693854529723543
"Q1_0475",-2.51420236826504,0.0748685193930377
"Q1_0476",-2.36897023479828,0.0855696816191918
"Q1_0477",-2.06286626827024,0.112758758061727
"Q1_0478",-2.80799062945121,0.0568939016283406
"Q1_0479",-2.71284941122898,0.0622193860126376
"Q1_0480",-2.60555584296009,0.0687817105491522
"Q1_0481",-2.77359777319194,0.0587676898619927
"Q1_0482",-2.60612232275501,0.0687454359345608
"Q1_0483",-2.51792325358387,0.0746112062107049
"Q1_0484",-2.21968774559955,0.0979964019697497
"Q1_0485",-2.57709865510025,0.0706269345238724
"Q1_0486",-2.47295847833468,0.0777757680010901
"Q1_0487",-2.31052977476276,0.0902546361228612
"Q1_0488",-1.98626180363615,0.120652907256845
"Q1_0489",-2.54714546525475,0.0726184897605349
"Q1_0490",-2.45166159306901,0.0793171249756325
"Q1_0491",-2.26618469791675,0.093962519707954
"Q1_0492",-2.64752508157941,0.0661417136999339
"Q1_0493",-2.51899899250772,0.0745369664697984
"Q1_0494",-2.43608066909388,0.0804624200759966
"Q1_0495",-2.20355172005501,0.099431996585669
"Q1_0496",-2.75011361956896,0.060080233688155
"Q1_0497",-2.60779116307846,0.0686386744703211
"Q1_0498",-2.76044418634549,0.0594995047494141
"Q1_0499",-2.56626234508719,0.0713415345035886
"Q1_0500",-2.54725372087813,0.0726111996180353
"Q1_0501",-2.32955528144761,0.0887046059926998
"Q1_0502",-2.59496120270231,0.0694634136480178
"Q1_0503",-2.47996074470967,0.0772750011327633
"Q1_0504",-2.88219826426129,0.0530406149550201
"Q1_0505",-2.63667849369087,0.0668148357913274
"Q1_0506",-2.58165369732283,0.0703285312888616
"Q1_0507",-2.41536606640561,0.0820084370997893
"Q1_0508",-2.63511069644529,0.0669126553252063
"Q1_0509",-2.55667921991024,0.0719790489044431
"Q1_0510",-2.45280028635311,0.0792340106756085
"Q1_0511",-2.18967915307024,0.100681140750681
"Q1_0512",-2.71051440895513,0.0623557683888957
"Q1_0513",-2.4838808341677,0.0769959475214039
"Q1_0514",-2.15539423025351,0.103828227474987
"Q1_0515",-2.74013364615111,0.0606462892722977
"Q1_0516",-2.59397051162302,0.069527477503343
"Q1_0517",-2.53582521955345,0.0733845502822302
"Q1_0518",-2.28434479853099,0.0924278439955042
"Q1_0519",-2.58341223568616,0.0702136406195012
"Q1_0520",-2.46866785972175,0.0780840779685234
"Q1_0521",-2.38566046688277,0.084272713651617
"Q1_0522",-2.09316763555174,0.109762666586245
"Q1_0523",-2.64675620292163,0.0661892208636156
"Q1_0524",-2.60458634107992,0.0688438338742656
"Q1_0525",-2.45637990507649,0.0789732491084159
"Q1_0526",-2.20036161685675,0.0997180205067254
"Q1_0527",-3.00211765097342,0.0473302964160277
"Q1_0528",-2.73419543313759,0.0609854631727596
"Q1_0529",-2.61784331241199,0.0679988463819225
"Q1_0530",-2.27565415932583,0.0931594444934576
"Q1_0531",-2.61445569130686,0.0682138513252534
"Q1_0532",-2.41276944486739,0.0822041309870824
"Q1_0533",-2.35250503492678,0.0868668647852223
"Q1_0534",-2.11937749257129,0.107227648478939
"Q1_0535",-2.78256647444798,0.0582735534346633
"Q1_0536",-2.51227527646747,0.0750021053855665
"Q1_0537",-2.29562944550266,0.0914855758683918
"Q1_0538",-2.57428223089101,0.0708120248533534
"Q1_0539",-2.49355743749948,0.076311063561664
"Q1_0540",-2.26346875821062,0.0941939924560549
"Q1_0541",-2.11834077364688,0.107326933876622
"Q1_0542",-2.57229303191624,0.070943021328682
"Q1_0543",-2.45011204150898,0.0794303561911701
"Q1_0544",-2.37617040708807,0.0850079646304579
"Q1_0545",-2.21341463255047,0.0985523019772438
"Q1_0546",-2.70922532650171,0.0624311803854012
"Q1_0547",-2.4689941487961,0.0780605926450491
"Q1_0548",-2.42405557924653,0.0813566355787453
"Q1_0549",-2.19388328962024,0.100301118063127
"Q1_0550",-2.64386707369502,0.0663680167303392
"Q1_0551",-2.56487871442735,0.0714332570777998
"Q1_0552",-2.30233308130663,0.0909299204686013
"Q1_0553",-2.06806150910054,0.11224004895397
"Q1_0554",-2.82409929849791,0.0560357032540127
"Q1_0555",-2.67385948497717,0.0645335834029058
"Q1_0556",-2.59256676895452,0.0696183452936458
"Q1_0557",-2.40907556213418,0.0824832523713898
"Q1_0558",-2.04123248074754,0.114941292520822
"Q1_0559",-2.59780269295685,0.0692799692397795
"Q1_0560",-2.49667766743274,0.0760914163299254
"Q1_0561",-2.36404376808905,0.0859559532389421
"Q1_0562",-2.09860872856176,0.109232118972551
"Q1_0563",-1.78027921415476,0.144268660223418
"Q1_0564",-2.70878049746368,0.0624572228669647
"Q1_0565",-2.6417890004539,0.0664968971025881
"Q1_0566",-2.70687079797456,0.0625691413201475
"Q1_0567",-2.16411150462107,0.103019899877898
"Q1_0568",-2.8929476854841,0.0525032872574731
"Q1_0569",-2.62621245730484,0.0674703655934778
"Q1_0570",-2.56464303078759,0.0714488916816306
"Q1_0571",-2.33339372597491,0.0883948105764862
"Q1_0572",-2.74656000272447,0.0602812225563715
"Q1_0573",-2.53985414460715,0.0731110568187646
"Q1_0574",-2.44157621070808,0.0800567510651991
"Q1_0575",-2.17413283567412,0.102097537865841
"Q1_0576",-2.63168256512859,0.067127009948422
"Q1_0577",-2.49857834887328,0.0759579031632906
"Q1_0578",-2.41355933976464,0.0821445557571849
"Q1_0579",-2.11510848726494,0.107637005610882
"Q1_0580",-2.64176194203829,0.0664985767750567
"Q1_0581",-2.49509377646317,0.0762028410510703
"Q1_0582",-2.39476022489082,0.0835731292013402
"Q1_0583",-2.21576084294502,0.0983440614755582
"Q1_0584",-2.58055178725823,0.0704006109648986
"Q1_0585",-2.74419296855912,0.0604154485235467
"Q1_0586",-2.54993255418969,0.0724310165617218
"Q1_0587",-2.8112373829886,0.0567199410428906
"Q1_0588",-2.62540547154287,0.0675211573426062
"Q1_0589",-2.57964952261497,0.0704596819941378
"Q1_0590",-2.29275619706338,0.0917246691603774
"Q1_0591",-2.95208605278248,0.0496380114361972
"Q1_0592",-2.8169928425425,0.0564127923731375
"Q1_0593",-2.57060763827368,0.0710541861677661
"Q1_0594",-2.39000496047625,0.0839380504735781
"Q1_0595",-2.93245189605318,0.0505724675905303
"Q1_0596",-2.7882627528093,0.057961739942543
"Q1_0597",-2.66437528423526,0.0651085052646909
"Q1_0598",-2.27849209867342,0.0929199698691919
"Q1_0599",-3.03483943713837,0.0458765296541269
"Q1_0600",-2.85325901011501,0.054513099125148
"Q1_0601",-2.76180674871957,0.0594233024432392
"Q1_0602",-2.52838516280439,0.0738920771922678
"Q1_0603",-2.81607544061893,0.0564616459120212
"Q1_0604",-2.64078736113167,0.0665591009279477
"Q1_0605",-2.5634953902718,0.0715250681407709
"Q1_0606",-2.34762441509321,0.0872547818974766
"Q1_0607",-2.64597130031938,0.0662377508087568
"Q1_0608",-2.54048536589757,0.0730682931085743
"Q1_0609",-2.51132913844324,0.075067771804187
"Q1_0610",-2.32103137893986,0.0893960649777999
"Q1_0611",-2.61352887809015,0.068272783821982
"Q1_0612",-2.69666150313937,0.06317064077743
"Q1_0613",-2.47112324670002,0.0779075051495598
"Q1_0614",-2.43563280634227,0.0804955628701783
"Q1_0615",-2.75235349787037,0.0599538709847572
"Q1_0616",-2.51979553192471,0.0744820388370852
"Q1_0617",-2.47069124307192,0.0779385450536399
"Q1_0618",-2.29882985859577,0.0912199179966906
"Q1_0619",-2.75133456890452,0.0600113229694414
"Q1_0620",-2.69855271305323,0.0630588111847379
"Q1_0621",-2.55992380134929,0.0717626178993815
"Q1_0622",-2.27097738373645,0.0935552945239256
"Q1_0623",-2.63296553874317,0.0670467134952639
"Q1_0624",-2.42423380467257,0.0813433164081805
"Q1_0625",-2.11378667129754,0.107764033589551
"Q1_0626",-1.89084217286838,0.131148475245409
"Q1_0627",-2.5844351670588,0.0701468892422222
"Q1_0628",-2.52765042927573,0.073942372249011
"Q1_0629",-2.42234934094397,0.0814842470847842
"Q1_0630",-2.40931913553144,0.0824648206683363
"Q1_0631",-2.62343564568279,0.0676452873253764
"Q1_0632",-2.5808506300685,0.0703810558976409
"Q1_0633",-2.51118012397662,0.0750781189214283
"Q1_0634",-2.48649986090487,0.0768100257326595
"Q1_0635",-2.6844641610903,0.0638963384670168
"Q1_0636",-2.51219878529095,0.0750074122703409
"Q1_0637",-2.46823110157396,0.0781155246518835
"Q1_0638",-2.41935061956256,0.0817089669385661
"Q1_0639",-2.57552563272467,0.0707302555419003
"Q1_0640",-2.52699383087096,0.0739873453372466
"Q1_0641",-2.49402494093443,0.0762781168532932
"Q1_0642",-2.48109168395661,0.0771943996632157
"Q1_0643",-2.85094346015243,0.0546325690464397
"Q1_0644",-2.78040087346514,0.0583925104844206
"Q1_0645",-2.72743326023387,0.0613738589126025
"Q1_0646",-2.67871455666131,0.064241106515523
"Q1_0647",-2.65967322165815,0.0653953028754914
"Q1_0648",-2.6165827531378,0.0680787778471889
"Q1_0649",-2.57686162988577,0.0706424941510281
"Q1_0650",-2.53970346376863,0.0731212684877163
"Q1_0651",-2.70623213264051,0.0626066122194487
"Q1_0652",-2.65133563635468,0.0659067359702008
"Q1_0653",-2.6090571747735,0.0685577858104183
"Q1_0654",-2.58435411852652,0.0701521759225402
"Q1_0655",-2.72949401489981,0.0612552520460923
"Q1_0656",-2.64046094847405,0.0665793834851213
"Q1_0657",-2.60786954009336,0.0686336642003965
"Q1_0658",-2.56408755057264,0.0714857532058805
"Q1_0659",-2.74036075659542,0.060633352463456
"Q1_0660",-2.6728016553971,0.0645974729415527
"Q1_0661",-2.49910230767672,0.0759211355554393
"Q1_0662",-2.47968201438493,0.0772948779433531
"Q1_0663",-2.90733815744454,0.0517920016128864
"Q1_0664",-2.84007911769517,0.0551964116682983
"Q1_0665",-2.77467169598451,0.0587083149850285
"Q1_0666",-2.6703899000457,0.0647433555073487
"Q1_0667",-2.7371891987492,0.0608142466422553
"Q1_0668",-2.64643434623739,0.0662091170262986
"Q1_0669",-2.61247482014134,0.0683398646659618
"Q1_0670",-2.58449957492771,0.0701426882713479
"Q1_0671",-2.70186030345758,0.062863673009627
"Q1_0672",-2.63309502315486,0.0670386145113855
"Q1_0673",-2.58323051320364,0.0702255050594625
"Q1_0674",-2.51181213182461,0.0750342431992843
"Q1_0675",-2.64852581781409,0.0660799280686271
"Q1_0676",-2.60239150075789,0.0689846659248153
"Q1_0677",-2.56036934801566,0.0717329444752726
"Q1_0678",-2.52556998894162,0.0740849565218269
"Q1_0679",-2.60270134412004,0.0689647686500339
"Q1_0680",-2.55139937445054,0.072332530373008
"Q1_0681",-2.51193765767517,0.0750255316546251
"Q1_0682",-2.48052074794207,0.0772350803514803
"Q1_0683",-2.67233805265244,0.0646254916254139
"Q1_0684",-2.60574773365091,0.0687694208163907
"Q1_0685",-2.49195320489801,0.0764242190912158
"Q1_0686",-2.48854196343403,0.076665344823746
"Q1_0687",-2.73131619827003,0.0611505546833978
"Q1_0688",-2.6897024660857,0.0635837314542492
"Q1_0689",-2.5612861099765,0.0716719237070152
"Q1_0690",-2.51601431123495,0.0747431150159375
"Q1_0691",-2.57205661373715,0.0709586052573604
"Q1_0692",-2.5006093876128,0.0758154707250251
"Q1_0693",-2.47642631147652,0.0775273956973387
"Q1_0694",-2.46076860438771,0.0786546198522877
"Q1_0695",-2.67842865950712,0.0642582951317204
"Q1_0696",-2.58415202168795,0.0701653600159948
"Q1_0697",-2.55210998489155,0.0722848625204422
"Q1_0698",-2.55726344677855,0.0719400334372413
"Q1_0699",-2.6744522160756,0.064497810053882
"Q1_0700",-2.61769095845816,0.0680085024497606
"Q1_0701",-2.58177444818637,0.0703206367137081
"Q1_0702",-2.56421044717662,0.0714775963069675
"Q1_0703",-2.60239302700744,0.0689845679003096
"Q1_0704",-2.55621532760658,0.0720100421662228
"Q1_0705",-2.51669595910834,0.0746959882417603
"Q1_0706",-2.48403039867408,0.0769853190075873
"Q1_0707",-2.64698735314156,0.0661749353153181
"Q1_0708",-2.61260809272004,0.0683313797519752
"Q1_0709",-2.58824008115326,0.0698991143102026
"Q1_0710",-2.5719004186945,0.0709689028684447
"Q1_0711",-2.82404831714504,0.0560384000095614
"Q1_0712",-2.74808027630389,0.0601951605641306
"Q1_0713",-2.70193533771635,0.0628592527489959
"Q1_0714",-2.65681697938563,0.0655700897039652
"Q1_0715",-3.12491411997305,0.0420911904210985
"Q1_0716",-3.02426938924836,0.0463414276869717
"Q1_0717",-2.943128490229,0.0500622849462943
"Q1_0718",-2.89044684907515,0.0526278349146359
"Q1_0719",-2.69357414177676,0.0633535977649537
"Q1_0720",-2.62558724783907,0.0675097132339404
"Q1_0721",-2.50422493004091,0.0755625269642832
"Q1_0722",-2.47466244241584,0.0776536361820759
"Q1_0723",-2.73475804845507,0.0609532522677803
"Q1_0724",-2.65947407971638,0.0654074752369401
"Q1_0725",-2.59908357478158,0.0691974232050193
"Q1_0726",-2.55097149331238,0.0723612466808593
"Q1_0727",-2.76022044291456,0.0595120265123315
"Q1_0728",-2.70215793885129,0.0628461410445919
"Q1_0729",-2.65198653470933,0.0658666760103581
"Q1_0730",-2.6279508894568,0.067361068929043
"Q1_0731",-2.62233097165803,0.0677149917405039
"Q1_0732",-2.58505985304346,0.0701061542244227
"Q1_0733",-2.53584079842195,0.0733834909377716
"Q1_0734",-2.51275252003019,0.0749690024741502
"Q1_0735",-2.67442717303228,0.0644993211135669
"Q1_0736",-2.61858755370648,0.0679516952493316
"Q1_0737",-2.56831597767586,0.0712055971161085
"Q1_0738",-2.5304210748243,0.0737528763906275
"Q1_0739",-2.69240597159186,0.0634229522578554
"Q1_0740",-2.61591621034132,0.0681210782033824
"Q1_0741",-2.5903987328005,0.0697589036295778
"Q1_0742",-2.56708342896628,0.0712871552627724
"Q1_0743",-2.56339887152983,0.0715314781414591
"Q1_0744",-2.51583191375421,0.0747557299806846
"Q1_0745",-2.42847609733639,0.0810268668898578
"Q1_0746",-2.38748476363139,0.0841320378983309
"Q1_0747",-2.68011233976614,0.0641571310837316
"Q1_0748",-2.62805068434843,0.0673547997298263
"Q1_0749",-2.59741518133947,0.0693049602586368
"Q1_0750",-2.58500609872893,0.0701096586180463
"Q1_0751",-2.58179643245818,0.0703191994913402
"Q1_0752",-2.53952055468906,0.073133666035982
"Q1_0753",-2.50893604110777,0.0752340998379841
"Q1_0754",-2.48851211378932,0.0766674578402227
"Q1_0755",-2.70790206237298,0.0625086805662434
"Q1_0756",-2.65751610226953,0.0655272669961658
"Q1_0757",-2.6039079563886,0.0688873340126916
"Q1_0758",-2.55105379922448,0.0723557220830076
"Q1_0759",-2.7704216981553,0.058943617825838
"Q1_0760",-2.65031226787985,0.0659697656372639
"Q1_0761",-2.60533325876237,0.0687959686106187
"Q1_0762",-2.57696718957576,0.0706355642463984
"Q1_0763",-2.59231973386305,0.0696343478608081
"Q1_0764",-2.5513651786563,0.0723348249626679
"Q1_0765",-2.51411260370779,0.0748747370129626
"Q1_0766",-2.48712036296349,0.0767660373315748
"Q1_0767",-2.7164464282604,0.0620098369845264
"Q1_0768",-2.64299588787345,0.0664220186785633
"Q1_0769",-2.5706006682211,0.0710546462308693
"Q1_0770",-2.49680816746333,0.0760822424878795
"Q1_0771",-2.64513727295033,0.0662893543266546
"Q1_0772",-2.6034762877651,0.0689150271983001
"Q1_0773",-2.52615693303011,0.0740447043483235
"Q1_0774",-2.46290423182987,0.078499994248545
"Q1_0775",-2.85094572097792,0.0546324522797785
"Q1_0776",-2.78867508948372,0.0579392295658626
"Q1_0777",-2.73435090979454,0.0609765602174625
"Q1_0778",-2.67732371923136,0.0643247662666858
"Q1_0779",-2.67735032953446,0.064323164688527
"Q1_0780",-2.62979626720482,0.0672452282560123
"Q1_0781",-2.59027110770734,0.0697671860083404
"Q1_0782",-2.55844784562738,0.0718609975247934
"Q1_0783",-2.57860645485231,0.0705280284531498
"Q1_0784",-2.43988652172003,0.080181281051812
"Q1_0785",-2.41436303660705,0.082083979911214
"Q1_0786",-2.40695761002872,0.0826436802932744
"Q1_0787",-2.7048290434265,0.062689005901929
"Q1_0788",-2.65506621369368,0.0656774418842661
"Q1_0789",-2.62174764974542,0.0677518259484223
"Q1_0790",-2.61428404318015,0.0682247622127219
"Q1_0791",-2.57945632901956,0.0704723362809961
"Q1_0792",-2.53674189543251,0.0733222413739597
"Q1_0793",-2.50104497845676,0.0757849556088338
"Q1_0794",-2.45260520604742,0.0792482441192045
"Q1_0795",-2.61393200342679,0.0682471448325212
"Q1_0796",-2.5703340770195,0.0710722448310085
"Q1_0797",-2.52898896803117,0.0738507681994598
"Q1_0798",-2.45102866296088,0.0793633575867107
"Q1_0799",-2.55989766616673,0.0717643588551069
"Q1_0800",-2.52013141017514,0.0744588885585856
"Q1_0801",-2.468606279835,0.07808851103222
"Q1_0802",-2.44641562741252,0.0797010628643472
"Q1_0803",-2.63298830124559,0.0670452896817245
"Q1_0804",-2.58548497709194,0.0700784449074855
"Q1_0805",-2.53535721151124,0.0734163808365579
"Q1_0806",-2.49747808395362,0.0760351649270217
"Q1_0807",-2.62003576698131,0.0678600310999315
"Q1_0808",-2.5771847408518,0.0706212841698279
"Q1_0809",-2.53408485220868,0.0735029818721555
"Q1_0810",-2.49563386931453,0.0761648293933582
"Q1_0811",-2.61498432186202,0.0681802588540392
"Q1_0812",-2.55332190667277,0.0722036334508587
"Q1_0813",-2.47506688238765,0.0776246737035341
"Q1_0814",-2.48247989654203,0.077095567775302
"Q1_0815",-2.75431417718009,0.0598434635604805
"Q1_0816",-2.66772362772118,0.0649049901884317
"Q1_0817",-2.63713306729227,0.066786498428922
"Q1_0818",-2.61309832384569,0.068300177162519
"Q1_0819",-2.65964599872488,0.0653969667270265
"Q1_0820",-2.59330710890437,0.0695704075439168
"Q1_0821",-2.55247062598121,0.072260681745288
"Q1_0822",-2.52732454615206,0.0739646901611434
"Q1_0823",-2.84270067823299,0.0550598572065282
"Q1_0824",-2.76602875528882,0.0591877637987409
"Q1_0825",-2.66163014756825,0.0652757996701822
"Q1_0826",-2.6448314257606,0.0663082872729477
"Q1_0827",-2.56579273411722,0.0713726533957281
"Q1_0828",-2.52285104880391,0.0742716820812935
"Q1_0829",-2.43428214855472,0.0805955898545345
"Q1_0830",-2.41629491841383,0.0819385374282399
"Q1_0831",-2.72540826075219,0.0614906169438142
"Q1_0832",-2.64767146696954,0.066132672489613
"Q1_0833",-2.62158443788418,0.0677621353842995
"Q1_0834",-2.59892521046376,0.069207624010425
"Q1_0835",-2.71776709349323,0.0619330654157197
"Q1_0836",-2.64102434597502,0.0665443788120018
"Q1_0837",-2.58804256239265,0.0699119567334065
"Q1_0838",-2.54271025888779,0.0729177456881904
"Q1_0839",-2.58109241133094,0.0703652383819956
"Q1_0840",-2.51934112203119,0.0745133693973865
"Q1_0841",-2.47238158435464,0.0778171567815979
"Q1_0842",-2.46512371406001,0.0783395920326205
"Q1_0843",-2.81801847260974,0.0563582225171404
"Q1_0844",-2.71959289847434,0.0618270757675298
"Q1_0845",-2.70353983958658,0.062764801073645
"Q1_0846",-2.7020882712424,0.0628502443481364
"Q1_0847",-2.63120765715829,0.0671567552626414
"Q1_0848",-2.5773510262287,0.0706103709881904
"Q1_0849",-2.47842829055066,0.0773843414032946
"Q1_0850",-2.45442741283266,0.079115383308236
"Q1_0851",-2.61721183827852,0.0680388769761159
"Q1_0852",-2.58808419928781,0.0699092493729662
"Q1_0853",-2.57267390107263,0.0709179223028993
"Q1_0854",-2.55777475705634,0.0719059034486444
"Q1_0855",-2.57460806631877,0.0707905886354271
"Q1_0856",-2.50558010109564,0.0754679188606426
"Q1_0857",-2.41664311302465,0.0819123484357247
"Q1_0858",-2.36399733790006,0.0859596012142131
"Q1_0859",-2.70712266083234,0.0625543701221237
"Q1_0860",-2.6468196458662,0.0661852996768281
"Q1_0861",-2.51584263393436,0.0747549884980322
"Q1_0862",-2.50859680604051,0.0752577051560203
"Q1_0863",-2.83203865004436,0.0556172229237825
"Q1_0864",-2.76913903522764,0.0590148064627474
"Q1_0865",-2.71812387167403,0.0619123407843444
"Q1_0866",-2.66397295215782,0.0651329992573425
"Q1_0867",-2.559406834119,0.0717970621301032
"Q1_0868",-2.51555655587734,0.0747747779748317
"Q1_0869",-2.4777424210974,0.0774333239384001
"Q1_0870",-2.46495936738125,0.0783514590960945
"Q1_0871",-2.79817298212102,0.0574229843871876
"Q1_0872",-2.7250050408228,0.061513890687634
"Q1_0873",-2.66352413251737,0.0651603335302409
"Q1_0874",-2.63753055660801,0.0667617287507711
"Q1_0875",-2.66401633662967,0.0651303575966831
"Q1_0876",-2.60741151938543,0.0686629480819812
"Q1_0877",-2.5568631296522,0.0719667650564523
"Q1_0878",-2.55397903847092,0.0721596243884348
"Q1_0879",-2.54625201385849,0.0726786822649375
"Q1_0880",-2.51615304659449,0.0747335211187382
"Q1_0881",-2.49390250689356,0.0762867439746783
"Q1_0882",-2.47350875923705,0.0777363073384006
"Q1_0883",-2.59761270332379,0.069292220822325
"Q1_0884",-2.5441171784301,0.0728226940041008
"Q1_0885",-2.46114562620114,0.0786273021487993
"Q1_0886",-2.43975370875201,0.0801910768523058
"Q1_0887",-2.81108347831651,0.05672817593393
"Q1_0888",-2.74463773250776,0.060390206245834
"Q1_0889",-2.55965496652308,0.0717805277867619
"Q1_0890",-2.54791453127692,0.0725667139953391
"Q1_0891",-2.73500253058066,0.0609392601132662
"Q1_0892",-2.6796177715511,0.0641868318522884
"Q1_0893",-2.63445851522228,0.066953385992348
"Q1_0894",-2.62216171119952,0.0677256778795367
"Q1_0895",-2.70228567608252,0.0628386181883859
"Q1_0896",-2.63238854342216,0.0670828144076602
"Q1_0897",-2.57808721510482,0.0705620741964292
"Q1_0898",-2.53712932542662,0.0732959213718273
"Q1_0899",-2.70087614055624,0.0629216767980856
"Q1_0900",-2.64360374408333,0.06638433536618
"Q1_0901",-2.56677628852,0.0713074922648804
"Q1_0902",-2.54675584225981,0.0726447333082296
"Q1_0903",-2.62274587980839,0.0676888034226886
"Q1_0904",-2.57686917229429,0.0706419989774304
"Q1_0905",-2.50541882984577,0.075479171931288
"Q1_0906",-2.46460379244768,0.0783771399038057
"Q1_0907",-2.5401219031928,0.0730929140098066
"Q1_0908",-2.50986962149837,0.0751691727329445
"Q1_0909",-2.47595972445884,0.0775607711321444
"Q1_0910",-2.45200026965658,0.0792923963301575
"Q1_0911",-2.61271710571717,0.0683244400710701
"Q1_0912",-2.55865345113005,0.0718472854627903
"Q1_0913",-2.53987328053786,0.0731097600671265
"Q1_0914",-2.54332644865733,0.0728761017593162
"Q1_0915",-2.6337407809903,0.066998237240459
"Q1_0916",-2.58980022005522,0.0697977526798061
"Q1_0917",-2.51784523579894,0.0746165930786113
"Q1_0918",-2.48805472506222,0.0766998424563794
"Q1_0919",-2.58225104816322,0.0702894850629117
"Q1_0920",-2.54759487992568,0.072588229722031
"Q1_0921",-2.52067691178648,0.0744213041701335
"Q1_0922",-2.49972854585154,0.0758772121570712
"Q1_0923",-2.78982036775035,0.0578767493117778
"Q1_0924",-2.64723130696138,0.0661598615860037
"Q1_0925",-2.60220909165992,0.0689963822128535
"Q1_0926",-2.56174933013202,0.0716411094410258
"Q1_0927",-2.60354603607424,0.0689105518805595
"Q1_0928",-2.56651486098476,0.0713248066513175
"Q1_0929",-2.53839562403794,0.0732099562358316
"Q1_0930",-2.51691161769343,0.0746810840427632
"Q1_0931",-2.59317816841132,0.0695787543724519
"Q1_0932",-2.54629662643098,0.0726756755913983
"Q1_0933",-2.50494291495262,0.0755123889664302
"Q1_0934",-2.47186425168615,0.0778542895351784
"Q1_0935",-2.55652426768984,0.0719894000994981
"Q1_0936",-2.52402048189013,0.07419131726212
"Q1_0937",-2.46866057052658,0.0780846026971
"Q1_0938",-2.44039251736154,0.0801439706646999
"Q1_0939",-2.72803786307767,0.0613390387262543
"Q1_0940",-2.59917990003682,0.0691912192356375
"Q1_0941",-2.5661221015908,0.071350826463071
"Q1_0942",-2.55653670106309,0.0719885694684672
"Q1_0943",-2.80619971540633,0.0569900729699319
"Q1_0944",-2.68195518896857,0.0640465734169334
"Q1_0945",-2.64895591958228,0.066053389991769
"Q1_0946",-2.62503540032877,0.067544461514653
"Q1_0947",-2.48833356309764,0.0766800983203152
"Q1_0948",-2.4351729450749,0.0805296065411608
"Q1_0949",-2.39701396600079,0.0834006801064986
"Q1_0950",-2.38069398375704,0.0846567734235181
"Q1_0951",-2.63496789188784,0.06692157192945
"Q1_0952",-2.58446263248821,0.0701450977949474
"Q1_0953",-2.54574280442692,0.0727130086625644
"Q1_0954",-2.52629190373796,0.0740354510070326
"Q1_0955",-2.5304055534241,0.0737539367171022
"Q1_0956",-2.47320803097793,0.0777578702999575
"Q1_0957",-2.40693591356377,0.082645325197506
"Q1_0958",-2.3715403566271,0.0853687900700742
"Q1_0959",-2.6999131408307,0.0629784816124467
"Q1_0960",-2.64517600928979,0.0662869567782664
"Q1_0961",-2.60939873226498,0.0685359779772139
"Q1_0962",-2.60327254808873,0.0689281014549253
"Q1_0963",-2.54044673988894,0.0730709092649244
"Q1_0964",-2.49100580555062,0.0764911167485575
"Q1_0965",-2.4741945917303,0.0776871519304961
"Q1_0966",-2.45892491278078,0.0787883324600894
"Q1_0967",-2.56067239026853,0.07171276831971
"Q1_0968",-2.5090214670794,0.0752281566330672
"Q1_0969",-2.47792951202645,0.0774199597046583
"Q1_0970",-2.44915135027418,0.0795006314512298
"Q1_0971",-2.68586878560267,0.0638123742704156
"Q1_0972",-2.62048060132653,0.0678318984908083
"Q1_0973",-2.57437497136831,0.0708059229877984
"Q1_0974",-2.51310912244988,0.0749442763252826
"Q1_0975",-2.61552124878653,0.0681461548757778
"Q1_0976",-2.56205721112835,0.0716206353886023
"Q1_0977",-2.52575358648932,0.0740723633802405
"Q1_0978",-2.51677871856999,0.0746902683989591
"Q1_0979",-2.57251959583854,0.0709280899273837
"Q1_0980",-2.52608798084904,0.0740494319925505
"Q1_0981",-2.48446352017636,0.0769545476471227
"Q1_0982",-2.45169797157499,0.079314468442469
"Q1_0983",-2.71493902940874,0.0620975721699784
"Q1_0984",-2.6148303799218,0.0681900396990838
"Q1_0985",-2.57648734213821,0.0706670708889756
"Q1_0986",-2.54625865128619,0.0726782349268675
"Q1_0987",-2.45484540550215,0.0790849353330808
"Q1_0988",-2.42294199840907,0.0814399008956457
"Q1_0989",-2.39794228861725,0.0833297419175249
"Q1_0990",-2.33702495829987,0.088102638645484
"Q1_0991",-2.76570360683992,0.0592058721463888
"Q1_0992",-2.69828869614167,0.0630744117364447
"Q1_0993",-2.63774595860435,0.0667483094678241
"Q1_0994",-2.60741463132924,0.0686627490785833
"Q1_0995",-2.77288894890842,0.0588069100675021
"Q1_0996",-2.69911919049438,0.063025350622339
"Q1_0997",-2.65670346607646,0.065577045081534
"Q1_0998",-2.64236971551522,0.0664608582539394
"Q1_0999",-2.70257035416646,0.0628218556032379
"Q1_1000",-2.63382866295076,0.0669927439944237
"Q1_1001",-2.5818329994668,0.0703168089822985
"Q1_1002",-2.52381319482935,0.0742055564381194
"Q1_1003",-2.60952923320225,0.0685276474233554
"Q1_1004",-2.57110225417341,0.0710215457293107
"Q1_1005",-2.54129375277719,0.0730135605094429
"Q1_1006",-2.48885608668691,0.0766431116959833
"Q1_1007",-2.74892611641265,0.0601473277454144
"Q1_1008",-2.68395349494659,0.063926890048907
"Q1_1009",-2.62706754973547,0.0674165846835819
"Q1_1010",-2.57665239638228,0.0706562320107579
"Q1_1011",-2.82342338904835,0.0560714666901753
"Q1_1012",-2.75535776803206,0.0597847757819641
"Q1_1013",-2.69570260101177,0.0632274124876947
"Q1_1014",-2.65154275038587,0.0658939865475077
"Q1_1015",-2.59958359575783,0.0691652242207083
"Q1_1016",-2.51293247485018,0.0749565238045992
"Q1_1017",-2.49086517007326,0.0765010518621578
"Q1_1018",-2.49017149940717,0.0765500731509269
"Q1_1019",-2.6610371459847,0.0653119909132607
"Q1_1020",-2.60734737484733,0.0686670501326964
"Q1_1021",-2.56018525635554,0.0717452036137195
"Q1_1022",-2.52064138853221,0.0744237511474102
