"row_id","eta_fixed","eta_conditional","mu_fixed","mu_conditional"
"Q1_0001",-2.65607481987142,-3.17392071297523,0.0656155769658074,0.0401590138031953
"Q1_0002",-2.5530466775854,-3.07089257068921,0.0722220732924218,0.0443240034612076
"Q1_0003",-2.39825689942607,-2.91610279252988,0.0833057132390856,0.0513632609763097
"Q1_0004",-2.14589268771341,-2.66373858081722,0.104715660144139,0.0651472717449698
"Q1_0005",-2.75879599823407,-3.08143708419608,0.0595918032152978,0.0438794843220967
"Q1_0006",-2.68757999396774,-3.01022107992974,0.0637102223468642,0.0469662490564903
"Q1_0007",-2.62050701555181,-2.94314810151382,0.0678302283190731,0.0500613523192321
"Q1_0008",-2.38168631761885,-2.70432740358086,0.0845799091550796,0.0627184882720009
"Q1_0009",-2.66086152974446,-2.88377882906407,0.0653227124594879,0.0529612834997519
"Q1_0010",-2.53778548794139,-2.760702787261,0.0732513649092644,0.0594850352680189
"Q1_0011",-2.46242757318333,-2.68534487250294,0.0785344815884971,0.0638436801785151
"Q1_0012",-2.29618329116578,-2.51910059048539,0.0914395528655501,0.0745299584215971
"Q1_0013",-2.6170673062902,-2.92090189690449,0.0680480422621695,0.0511299270774572
"Q1_0014",-2.47984011476583,-2.78367470538013,0.0772836029176745,0.0582127659824125
"Q1_0015",-2.3912624345719,-2.69509702518619,0.0838414107777047,0.0632632900547687
"Q1_0016",-2.01606291708319,-2.31989750769748,0.117526707726296,0.0894884100790501
"Q1_0017",-2.61983276763776,-2.4316814770752,0.0678728729595018,0.0807885097724824
"Q1_0018",-2.50896853050011,-2.32081723993754,0.0752318394544679,0.0894134983694172
"Q1_0019",-2.39264101054915,-2.20448971998658,0.0837355802926595,0.0993480346775784
"Q1_0020",-2.19167621153384,-2.00352492097127,0.100500462337594,0.118833324417097
"Q1_0021",-2.86591749186798,-2.80736423280093,0.0538643301789935,0.0569275215148178
"Q1_0022",-2.64188842822038,-2.58333516915333,0.0664907253840601,0.0702186719734238
"Q1_0023",-2.53970449731455,-2.4811512382475,0.0731211984396388,0.0771901573948544
"Q1_0024",-2.17195597347298,-2.11340271440593,0.102297271653499,0.107800956968423
"Q1_0025",-2.87611192606633,-3.58013537623615,0.0533471482692751,0.0271161456315557
"Q1_0026",-2.67218533152868,-3.3762087816985,0.0646347240842011,0.0330473297129845
"Q1_0027",-2.57285073175825,-3.27687418192806,0.0709062720657763,0.036373118019972
"Q1_0028",-2.35385285860499,-3.05787630877481,0.0867600135604869,0.0448786461914059
"Q1_0029",-2.53023539493767,-3.19723272448498,0.0737655618170252,0.0392699931744022
"Q1_0030",-2.45684726885404,-3.12384459840136,0.0789392614031483,0.0421343341449946
"Q1_0031",-2.3284194941679,-2.99541682371522,0.0887964615054193,0.0476333557758899
"Q1_0032",-2.15008916122557,-2.81708649077289,0.104322891633516,0.0564078076484583
"Q1_0033",-2.6071145987302,-2.70967469606304,0.0686819380992306,0.0624048823709791
"Q1_0034",-2.48939130484084,-2.59195140217368,0.0766052434532218,0.0696582141615989
"Q1_0035",-2.35985196267162,-2.46241206000446,0.0862858651350808,0.0785356042352099
"Q1_0036",-2.20652298448159,-2.30908308181444,0.0991662503814638,0.0903734926879155
"Q1_0037",-2.53819276366582,-3.69253259730326,0.0732237215562658,0.024303466914432
"Q1_0038",-2.43397073273785,-3.58831056637529,0.0806186687622437,0.0269013088202217
"Q1_0039",-2.39832882555831,-3.55266865919575,0.0833002207019423,0.0278502298075005
"Q1_0040",-2.04700860381077,-3.20134843744821,0.114354994367279,0.0391150102310505
"Q1_0041",-2.96454688013011,-3.28278144253199,0.0490534713136117,0.0361666339722675
"Q1_0042",-2.73553005738811,-3.05376461979,0.0609090790311435,0.0450552220838632
"Q1_0043",-2.59060643986618,-2.90884100226807,0.0697454261827044,0.0517182472133876
"Q1_0044",-2.26277339499746,-2.58100795739934,0.094253338621551,0.0703707630495349
"Q1_0045",-2.81663648458206,-3.11925825436677,0.0564317644449025,0.0423198237407194
"Q1_0046",-2.64384053976361,-2.94646230954832,0.0663696608792906,0.0499039792663692
"Q1_0047",-2.5268530993407,-2.82947486912541,0.0739969878853556,0.0557520363371013
"Q1_0048",-2.32437406659653,-2.62699583638123,0.0891243286828738,0.0674210935559725
"Q1_0049",-2.88480286100157,-2.46841356080177,0.0529099452648719,0.0781023861376011
"Q1_0050",-2.59158664226917,-2.17519734206936,0.0696818564836774,0.101999992026437
"Q1_0051",-2.49801521970357,-2.08162591950377,0.0759974376818769,0.110895553289291
"Q1_0052",-2.15106638195508,-1.73467708175527,0.104231615794448,0.149990306896117
"Q1_0053",-2.73707198442963,-3.08947513324205,0.0608209417852196,0.0435434890829534
"Q1_0054",-2.59795925191699,-2.95036240072942,0.0692698749588003,0.0497193862832508
"Q1_0055",-2.52762831356815,-2.88003146238058,0.0739438866340973,0.0531495530416302
"Q1_0056",-2.21416923834179,-2.56657238715422,0.0984852832960675,0.0713209963511091
"Q1_0057",-2.80968208547418,-3.02841167590466,0.0568032111905015,0.0461587075117471
"Q1_0058",-2.68938581888452,-2.908115409315,0.0636025875003242,0.0517538443868331
"Q1_0059",-2.56399359973887,-2.78272319016935,0.0714919894942967,0.0582649538243777
"Q1_0060",-2.36801021616489,-2.58673980659538,0.0856448305810228,0.0699967149626994
"Q1_0061",-2.67801416987282,-2.53800893484725,0.0642832225498052,0.0732361975278036
"Q1_0062",-2.55850914958477,-2.41850391455919,0.0718569088423963,0.0817725199309847
"Q1_0063",-2.48314138333239,-2.34313614830682,0.07704851493678,0.087612896490223
"Q1_0064",-2.26674613698773,-2.12674090196216,0.0939147332934366,0.106524786137031
"Q1_0065",-2.73375232412431,-2.65792765367061,0.0610108432951019,0.065502070792016
"Q1_0066",-2.68451251058258,-2.60868784012888,0.0638934465709766,0.0685813743987542
"Q1_0067",-2.80340287597583,-3.00735304686052,0.0571405676556796,0.0470947903503144
"Q1_0068",-2.76675360318606,-2.97070377407075,0.0591474138479733,0.0487670653673419
"Q1_0069",-2.63457224727034,-2.83852241815503,0.0669462814295596,0.0552776494225528
"Q1_0070",-2.24562977816523,-2.44957994904992,0.0957270984622576,0.0794692721245942
"Q1_0071",-2.58744706531919,-2.85332882089419,0.0699506884175621,0.0545095010902774
"Q1_0072",-2.47695255603948,-2.74283431161448,0.0774897686845362,0.0604926193364833
"Q1_0073",-2.37555567010815,-2.64143742568314,0.0850557920626352,0.0665187244539539
"Q1_0074",-2.11252791498081,-2.37840967055581,0.107885123970916,0.0848339528891601
"Q1_0075",-2.58656734238602,-2.70930495952007,0.0700079427281175,0.0624265193462991
"Q1_0076",-2.47203831968021,-2.59477593681426,0.0778417935900908,0.0694753898656343
"Q1_0077",-2.61666195314825,-2.58136677984306,0.0680737532490287,0.0703472929634202
"Q1_0078",-2.4352420191544,-2.39994684584921,0.0805244921275223,0.0831767498534458
"Q1_0079",-2.38303344315659,-2.3477382698514,0.0844756647669787,0.0872457147729543
"Q1_0080",-1.95688849535016,-1.92159332204497,0.123804178438124,0.127683995545641
"Q1_0081",-2.79917554529615,-2.83294914442562,0.0573687441401426,0.0555694195097056
"Q1_0082",-2.65172606436729,-2.68549966349676,0.065882704108853,0.0638344293068739
"Q1_0083",-2.48524407668971,-2.51901767581918,0.0768991210365576,0.0745356776826659
"Q1_0084",-2.21795913139055,-2.25173273052002,0.0981493057669533,0.0952001078852682
"Q1_0085",-2.57525478561023,-3.08127810343856,0.0707480597118754,0.0438861546964335
"Q1_0086",-2.48230905011364,-2.98833236794198,0.0771077246915736,0.0479557699124928
"Q1_0087",-2.38204892531349,-2.88807224314182,0.0845518380667869,0.0527463542149556
"Q1_0088",-2.19064173795848,-2.69666505578681,0.100594017527702,0.0631704305316864
"Q1_0089",-2.81754576877431,-3.04453257828727,0.0563833671125162,0.0454541054734312
"Q1_0090",-2.55682001097294,-2.78380682048591,0.071969644900541,0.0582055233213285
"Q1_0091",-2.52655021934874,-2.75353702886171,0.0740177443346343,0.0598872026122878
"Q1_0092",-2.23768656475237,-2.46467337426533,0.0964169016767299,0.0783721138668409
"Q1_0093",-2.81697956589255,-2.89023015910225,0.0564134990985444,0.0526386397223089
"Q1_0094",-2.65203207211911,-2.72528266532881,0.0658638742282956,0.0614978653947309
"Q1_0095",-2.52987549184276,-2.60312608505246,0.0737901556819055,0.0689375016093539
"Q1_0096",-2.26649435827864,-2.33974495148833,0.0939361605319796,0.0878843575469935
"Q1_0097",-2.71224942912422,-3.14160138668045,0.0622544030454363,0.0414234853950762
"Q1_0098",-2.62513250684673,-3.05448446440296,0.0675383457886454,0.0450242607309719
"Q1_0099",-2.36529645841604,-2.79464841597227,0.0858575834916244,0.0576140514389093
"Q1_0100",-1.98934132373267,-2.4186932812889,0.120326564653857,0.0817583023093964
"Q1_0101",-2.53148568203345,-2.32814472608106,0.0736801824579002,0.0888186959567067
"Q1_0102",-2.45446647843525,-2.25112552248287,0.0791125371860433,0.0952524238502505
"Q1_0103",-2.35758216051093,-2.15424120455855,0.0864649858587554,0.10393556314392
"Q1_0104",-2.10780262205905,-1.90446166610667,0.108340757530655,0.129604334670718
"Q1_0105",-2.75867345383722,-2.48826509195087,0.0595986710499456,0.0766849462358822
"Q1_0106",-2.64438486122414,-2.37397649933779,0.0663359401075944,0.0851787657468306
"Q1_0107",-2.61019632574361,-2.33978796385726,0.0684850780875093,0.0878809097066274
"Q1_0108",-2.41179630962875,-2.1413879477424,0.0822775806004472,0.105138733457184
"Q1_0109",-2.67106561082566,-3.07923772144278,0.0647024521339344,0.0439718491732203
"Q1_0110",-2.51782680891663,-2.92599891953374,0.0746178654455918,0.0508832066785904
"Q1_0111",-2.48470759287814,-2.89287970349526,0.0769372123319147,0.0525066692394236
"Q1_0112",-2.14657833982505,-2.55475045044217,0.104651397478849,0.0721079933841812
"Q1_0113",-2.47763120624992,-2.67046610663479,0.0774412692118075,0.0647387412254329
"Q1_0114",-2.40736701850936,-2.60020191889423,0.0826126468236602,0.0691254263172552
"Q1_0115",-2.25753786517164,-2.45037276555651,0.0947012444160873,0.0794112938328865
"Q1_0116",-2.05389129968187,-2.24672620006673,0.113659777222709,0.095632230491593
"Q1_0117",-2.80340118835984,-3.19994952056593,0.0571406585769422,0.0391676224713552
"Q1_0118",-2.61413579645413,-3.01068412866022,0.0682341868816961,0.0469455271479432
"Q1_0119",-2.49973180927909,-2.89628014148519,0.0758769833263022,0.0523377555993455
"Q1_0120",-2.2873281538358,-2.68387648604189,0.0921778895349295,0.0639314984352141
"Q1_0121",-2.71816066530651,-3.13815229802889,0.0619102038739449,0.0415606571841694
"Q1_0122",-2.48726942381452,-2.9072610565369,0.0767554736064251,0.0517957881377135
"Q1_0123",-2.43925375829255,-2.85924539101493,0.0802279611728431,0.0542053741227537
"Q1_0124",-2.22644762851181,-2.64643926123418,0.0974004965555576,0.0662088131549602
"Q1_0125",-2.91556325983178,-3.17999648031211,0.0513895561124542,0.0399254688672504
"Q1_0126",-2.57392796539683,-2.83836118587717,0.0708353382461556,0.0552860699033096
"Q1_0127",-2.43844447114579,-2.70287769162613,0.0802876999240245,0.0628037634583248
"Q1_0128",-2.05197184852387,-2.31640506900421,0.113853288538706,0.0897733830751972
"Q1_0129",-2.59335959799048,-2.7438508880131,0.0695670099829269,0.0604348697903859
"Q1_0130",-2.47168603239838,-2.622177322421,0.0778670853950083,0.0677246922106732
"Q1_0131",-2.36752682444059,-2.51801811446322,0.0856826924700115,0.0746046568649512
"Q1_0132",-2.0961626049296,-2.24665389495223,0.109470355538473,0.0956384841056844
"Q1_0133",-2.88403437979676,-3.20883275819701,0.052948467462761,0.0388346801219205
"Q1_0134",-2.72272789682936,-3.04752627522961,0.0616454813913233,0.045324391469524
"Q1_0135",-2.61497295170924,-2.93977133010949,0.068180981222848,0.0502221796022055
"Q1_0136",-2.29337774059736,-2.61817611899761,0.0916729007274748,0.0679777577956301
"Q1_0137",-2.76221881462824,-2.67027333917816,0.0594002753647638,0.0647504138186907
"Q1_0138",-2.67275293117833,-2.58080745572824,0.0646004171473631,0.0703838807418991
"Q1_0139",-2.48318929876163,-2.39124382331154,0.0770451076418507,0.0838428403574402
"Q1_0140",-2.21412216104891,-2.12217668559882,0.0984894631764134,0.106959976532181
"Q1_0141",-2.57779893732007,-2.93046837185294,0.0705809826786457,0.0506677912380399
"Q1_0142",-2.51242543301433,-2.8650948675472,0.0749916886711872,0.0539062689419793
"Q1_0143",-2.35855610026284,-2.71122553479572,0.0863880865121145,0.062314203557503
"Q1_0144",-1.98603110533874,-2.33870053987162,0.120677385515498,0.0879681143532549
"Q1_0145",-2.66569240672307,-2.64008935896871,0.0650283787336817,0.06660248021759
"Q1_0146",-2.63135835316402,-2.60575530540966,0.0671473152671059,0.0687689359211234
"Q1_0147",-2.51633469440345,-2.49073164664909,0.0747209614296542,0.0765104856440453
"Q1_0148",-2.05702993484218,-2.03142688708782,0.113343970449577,0.115942586112896
"Q1_0149",-2.5198581921278,-2.61129496907995,0.0744777195046939,0.068415023494908
"Q1_0150",-2.44835152572066,-2.53978830267281,0.0795591825259579,0.0731155187775179
"Q1_0151",-2.25352126175668,-2.34495803870883,0.0950461605839205,0.0874673696395917
"Q1_0152",-1.99930668862951,-2.09074346558165,0.119275734489078,0.109999768109586
"Q1_0153",-2.60510053067562,-2.44770159703928,0.0688108793857076,0.0796067894979219
"Q1_0154",-2.47746391459305,-2.32006498095671,0.0774532220617798,0.0894747652567186
"Q1_0155",-2.41698583801271,-2.25958690437637,0.0818865782787495,0.0945257201340858
"Q1_0156",-2.14921069012171,-1.99181175648536,0.104405004181133,0.120065319254055
"Q1_0157",-2.75054699586184,-3.3927281618988,0.0600557653345079,0.0325235021503632
"Q1_0158",-2.67957187020541,-3.32175303624237,0.0641895890581806,0.034832424900108
"Q1_0159",-2.58352059743786,-3.22570176347482,0.0702065666944626,0.0382098936707879
"Q1_0160",-2.17451137294637,-2.81669253898333,0.102062841206222,0.0564287797780548
"Q1_0161",-2.94904241520378,-3.60791450224009,0.0497817892073217,0.0263928562479887
"Q1_0162",-2.7807360569928,-3.43960814402911,0.0583740838747788,0.0310802824592678
"Q1_0163",-2.71218495744899,-3.3710570444853,0.0622581669302004,0.0332123511385451
"Q1_0164",-2.34823601520187,-3.00710810223818,0.0872060855119882,0.0471057839180863
"Q1_0165",-2.0405515272257,-2.69942361426201,0.115010583946845,0.0630073758294038
"Q1_0166",-2.51775821577151,-2.6240707442145,0.0746226019431794,0.0676052430375192
"Q1_0167",-2.39504726623038,-2.50135979467336,0.0835511477170484,0.0757629083231332
"Q1_0168",-2.40531815236111,-2.5116306808041,0.0827680587255782,0.0750468376161907
"Q1_0169",-2.66760531100349,-3.07130905368559,0.0649121714756723,0.0443063648448619
"Q1_0170",-2.56539577977266,-2.96909952245476,0.0713989674499258,0.0488415386313607
"Q1_0171",-2.42370435165639,-2.82740809433849,0.0813828893928157,0.0558609390570473
"Q1_0172",-2.23970386373212,-2.64340760641422,0.0962412962406342,0.0663964925137232
"Q1_0173",-2.5476368451396,-2.95176249077881,0.07258540470897,0.0496532774002261
"Q1_0174",-2.43256209379661,-2.83668773943582,0.0807231377916487,0.0553735382823071
"Q1_0175",-2.33819270787108,-2.74231835351029,0.0880088661012525,0.0605219495692662
"Q1_0176",-2.15245451031854,-2.55658015595775,0.104102081061876,0.0719856664654113
"Q1_0177",-2.7733271833994,-1.83200098219355,0.0587826590660247,0.13800007176771
"Q1_0178",-2.68623489935773,-1.74490869815188,0.0637905059971418,0.148690511351174
"Q1_0179",-2.54297499895864,-1.60164879775279,0.072899851084733,0.167751298774398
"Q1_0180",-2.18263734437139,-1.24131114316554,0.10132053271822,0.22420784474633
"Q1_0181",-2.69703314622093,-2.48417646334895,0.063148650468901,0.0769749405005322
"Q1_0182",-2.62943720144942,-2.41658051857744,0.0672677535477176,0.0819170558313277
"Q1_0183",-2.53784296884629,-2.32498628597431,0.0732474628791236,0.0890746404901222
"Q1_0184",-2.25303911950901,-2.04018243663703,0.095087638887613,0.115048156487901
"Q1_0185",-2.66853959340997,-2.98506826174414,0.0648554849058316,0.0481050160741459
"Q1_0186",-2.54513384537621,-2.86166251371038,0.0727540789154107,0.0540815885714269
"Q1_0187",-2.48681571403355,-2.80334438236772,0.0767876315032368,0.0571437191110553
"Q1_0188",-2.25509702122573,-2.5716256895599,0.0949107122081347,0.0709870185321581
"Q1_0189",-2.64307725616512,-2.47923457012333,0.066416973197889,0.0773267958743528
"Q1_0190",-2.51239215802855,-2.34854947198675,0.0749939969208913,0.0871811372090696
"Q1_0191",-2.50699942437802,-2.34315673833622,0.0753689487606494,0.0876112506015536
"Q1_0192",-2.28381223888434,-2.11996955284255,0.0924725274260302,0.107170983799028
"Q1_0193",-2.79020682303576,-2.86308391315966,0.057855680652444,0.0540089204375719
"Q1_0194",-2.51175819137813,-2.58463528150203,0.0750379869735423,0.0701338376396196
"Q1_0195",-2.37051968055601,-2.44339677067991,0.085448519172066,0.0799227735365088
"Q1_0196",-2.08690020896884,-2.15977729909274,0.110376586575272,0.10342109961532
"Q1_0197",-2.95297958315858,-3.14383579767048,0.0495958769216589,0.0413348531950894
"Q1_0198",-2.70224334872881,-2.89309956324071,0.0628411108892483,0.0524957323549626
"Q1_0199",-2.5949166501735,-2.7857728646854,0.0694662935006549,0.0580978429819155
"Q1_0200",-2.08252115270632,-2.27337736721822,0.110807316070478,0.0933519678761048
"Q1_0201",-3.12519420652155,-2.3314977531408,0.0420798989135695,0.0885477095574088
"Q1_0202",-3.11948425379432,-2.32578780041357,0.0423106651897634,0.0890096267454394
"Q1_0203",-2.77689347008802,-1.98319701670728,0.0585856563960716,0.120978446449404
"Q1_0204",-2.19603989376788,-1.40234344038714,0.100106672057728,0.19744450616611
"Q1_0205",-2.92960919247866,-3.50776332883073,0.0507091342105831,0.0290921458890712
"Q1_0206",-2.77893515499585,-3.35708929134792,0.0584731520093997,0.0336637817636542
"Q1_0207",-2.64348116552476,-3.22163530187683,0.0663919328771383,0.0383596166697741
"Q1_0208",-2.29231505497557,-2.87046919132764,0.0917614278809279,0.0536328325789577
"Q1_0209",-2.502504076665,-2.80990038403175,0.0756828212777955,0.056791516626094
"Q1_0210",-2.43638397996619,-2.74378028733294,0.080439981500229,0.0604388787976585
"Q1_0211",-2.30884006102495,-2.6162363683917,0.0903934724740386,0.0681007571891899
"Q1_0212",-2.04589499824582,-2.35329130561257,0.114467826478136,0.0868045172540972
"Q1_0213",-2.85268749187901,-3.04588169319236,0.0545425634881836,0.045395605918594
"Q1_0214",-2.6644069934617,-2.85760119477505,0.0651065751701059,0.0542897291915993
"Q1_0215",-2.54685638127189,-2.74005058258524,0.0726379605397473,0.0606510214365328
"Q1_0216",-2.49895574895998,-2.69214995027334,0.0759314183315188,0.063438161747348
"Q1_0217",-2.29236259172707,-2.48555679304043,0.0917574661846528,0.0768769256011894
"Q1_0218",-2.57117351576077,-2.67034328445736,0.0710168442126706,0.0647461782155695
"Q1_0219",-2.3940720721809,-2.49324184087748,0.0836258490017315,0.0763333122117757
"Q1_0220",-2.38508767021331,-2.4842574389099,0.0843169273695121,0.076969187400274
"Q1_0221",-2.17676618530545,-2.27593595400204,0.101856381970861,0.0931356409934946
"Q1_0222",-2.9002937223692,-2.51069626350101,0.0521390452432488,0.0751117257768416
"Q1_0223",-2.62986470962577,-2.24026725075759,0.0672409354481439,0.0961923045972791
"Q1_0224",-2.57391881326655,-2.18432135439836,0.0708359406206234,0.101167298634656
"Q1_0225",-2.24727338296996,-1.85767592410178,0.0955849169141062,0.134974171968205
"Q1_0226",-2.52730077988553,-2.00440657255916,0.0739663180222598,0.118741035966594
"Q1_0227",-2.3940720721809,-1.87117786485452,0.0836258490017315,0.13340549257472
"Q1_0228",-2.35905361110516,-1.83615940377878,0.0863488284560266,0.137506146594739
"Q1_0229",-2.15591799344384,-1.63302378611746,0.103779502507623,0.163416553794506
"Q1_0230",-2.52040696251041,-2.57279899567299,0.0744399011614117,0.0709096804408911
"Q1_0231",-2.38249777473839,-2.43488980790097,0.0845171023312972,0.0805505738069315
"Q1_0232",-2.3290285381203,-2.38142057128288,0.088747195094205,0.0846004871418654
"Q1_0233",-2.1521653994816,-2.20455743264418,0.10412904802359,0.0993419760485885
"Q1_0234",-3.01880877049671,-3.27718557988655,0.0465833524332494,0.0363622050615516
"Q1_0235",-2.80947037863767,-3.0678471880275,0.0568145547886534,0.0444531831652777
"Q1_0236",-2.70277509142034,-2.96115190081017,0.0628098027209795,0.0492120803597393
"Q1_0237",-2.24283057114824,-2.50120738053807,0.0959696817573871,0.0757735814914736
"Q1_0238",-2.63370507956749,-2.54897122678901,0.0670004689520996,0.0724956296698432
"Q1_0239",-2.55744472365832,-2.47271087087984,0.0719279314861994,0.077793529923049
"Q1_0240",-2.46220409345744,-2.37747024067897,0.0785506556282256,0.0849069160022101
"Q1_0241",-2.16274078197589,-2.07800692919742,0.103146632913263,0.111252880302237
"Q1_0242",-2.63287665674745,-2.02022373296027,0.0670522734070777,0.117095858392196
"Q1_0243",-2.53299286796231,-1.92033994417513,0.0735773809622093,0.127823662924362
"Q1_0244",-2.42952142088753,-1.81686849710035,0.0809490645974695,0.13981005291322
"Q1_0245",-2.20889065179558,-1.59623772800839,0.0989549418416124,0.168508101301979
"Q1_0246",-2.74604858313229,-2.92594822069011,0.060310199660685,0.0508856551896682
"Q1_0247",-2.59073979102694,-2.77063942858476,0.0697367747222053,0.0589315416380914
"Q1_0248",-2.5113072223073,-2.69120685986512,0.0750692935126905,0.0634942173707373
"Q1_0249",-2.19243196483222,-2.37233160239004,0.100432162773645,0.0853070291069659
"Q1_0250",-2.63428615823695,-2.30911503507763,0.0669641540455084,0.0903708659683646
"Q1_0251",-2.41392275227406,-2.08875162911473,0.0821171597673116,0.110194920072205
"Q1_0252",-2.31989308309105,-1.99472195993173,0.0894887705976746,0.119758197110162
"Q1_0253",-2.0812243934936,-1.75605327033427,0.110935149027979,0.147285329196188
"Q1_0254",-2.70729108961885,-2.68028528089888,0.0625444939632886,0.0641467483089145
"Q1_0255",-2.53676896406224,-2.50976315534227,0.0733204021876422,0.075176574463746
"Q1_0256",-2.46943669517755,-2.44243088645758,0.0780287497956621,0.0799938287772336
"Q1_0257",-2.21808459380918,-2.19107878508922,0.098138200892944,0.100554482651033
"Q1_0258",-2.5524764432415,-2.62078684033178,0.0722602917625058,0.067812537336864
"Q1_0259",-2.43630564417982,-2.5046160412701,0.0804457761410777,0.0755352112723139
"Q1_0260",-2.37311855079952,-2.44142894788981,0.0852456437630477,0.0800675972990339
"Q1_0261",-2.13829971412915,-2.20661011121943,0.105429643131183,0.0991584674209433
"Q1_0262",-2.7845982164389,-3.0489206348387,0.0581621560275417,0.0452640956385406
"Q1_0263",-2.61269943799972,-2.87702185639951,0.0683255647395971,0.0533012143399717
"Q1_0264",-2.54762418099032,-2.81194659939012,0.0725862572231294,0.0566820079142335
"Q1_0265",-2.36815052616551,-2.63247294456531,0.0856338435726204,0.0670775325483545
"Q1_0266",-2.65928459374027,-1.67359678091593,0.0654190593430167,0.157945223530281
"Q1_0267",-2.54063593166054,-1.5549481188362,0.0730580960476862,0.1743727546614
"Q1_0268",-2.48069754223702,-1.49500972941267,0.0772224811951469,0.18317098480592
"Q1_0269",-2.1596486348609,-1.17396082203655,0.103433030637603,0.236139793428783
"Q1_0270",-2.6560161490865,-2.65385393481438,0.0656191741734584,0.0657518712424276
"Q1_0271",-2.48415693518143,-2.48199472090931,0.0769763279843721,0.0771300959988027
"Q1_0272",-2.42110899984425,-2.41894678557213,0.0815771280771295,0.0817392727763999
"Q1_0273",-2.15547179869769,-2.15330958442557,0.103821010113878,0.104022359706288
"Q1_0274",-2.72263641175317,-2.71648185006185,0.0616507735866951,0.0620077767209719
"Q1_0275",-2.59706576131424,-2.59091119962293,0.0693275018653252,0.0697256556569554
"Q1_0276",-2.43807567643278,-2.43192111474147,0.0803149365258153,0.0807707156533221
"Q1_0277",-2.80248744285368,-2.84502245131538,0.0571899070932418,0.0549391840868532
"Q1_0278",-2.66804137181973,-2.71057638028142,0.0648857082238451,0.0623521451769988
"Q1_0279",-2.53893097495778,-2.58146598341948,0.0731736408358074,0.0703408054697571
"Q1_0280",-2.26453215946837,-2.30706716793006,0.0941033006276104,0.0905393500598561
"Q1_0281",-2.70855621942743,-2.50905396588521,0.0624703570518342,0.0752258957587214
"Q1_0282",-2.60870657803843,-2.4092043244962,0.0685801774688156,0.0824735081898984
"Q1_0283",-2.52850684981229,-2.32900459627006,0.0738837503340775,0.0887491313177632
"Q1_0284",-2.22062880583534,-2.02112655229311,0.0979132501947247,0.117002553201918
"Q1_0285",-2.74286977257532,-2.80719960996071,0.0604906040058029,0.0569363602295022
"Q1_0286",-2.60456773808487,-2.66889757547026,0.0688450264169299,0.0648337769437756
"Q1_0287",-2.56249610020603,-2.62682593759142,0.0715914586483001,0.0674317768107177
"Q1_0288",-2.3109733570357,-2.37530319442109,0.0902182207620716,0.0850754421084058
"Q1_0289",-3.69397571321086,-3.9605067863124,0.0242692700649682,0.0186972093614067
"Q1_0290",-3.36596919655514,-3.63250026965667,0.0333761068852097,0.025768396310235
"Q1_0291",-2.84381183707424,-2.83772783854675,0.0550020741089274,0.0553191586492267
"Q1_0292",-2.75606160474592,-2.74997760621843,0.0597452249847237,0.0600879149031532
"Q1_0293",-2.77608329499973,-2.28124392645849,0.0586303562716174,0.0926882894057681
"Q1_0294",-2.5257151560233,-2.03087578748205,0.074074999201814,0.115999085725874
"Q1_0295",-2.43191037443897,-1.93707100589772,0.080771513090081,0.125969990173139
"Q1_0296",-2.13627045377836,-1.64143108523711,0.105621184564512,0.162270428624342
"Q1_0297",-2.8273864149043,-3.32392396168647,0.0558620824521373,0.0347595139390717
"Q1_0298",-2.70294753163491,-3.19948507841708,0.0627996528392818,0.0391851048055992
"Q1_0299",-2.55702371964643,-3.33029050517823,0.0719560403814326,0.0345465397346378
"Q1_0300",-2.47724908258182,-3.25051586811363,0.0774685741092179,0.0373083547741478
"Q1_0301",-2.31030046309943,-3.08356724863124,0.0902734663830636,0.0437902020247283
"Q1_0302",-2.03673830848765,-2.81000509401946,0.115399275507054,0.0567859079660279
"Q1_0303",-2.82795631970545,-3.20419793197021,0.0558320324192242,0.0390080524436522
"Q1_0304",-2.65302950674291,-3.02927111900767,0.0658025328081763,0.0461208826369431
"Q1_0305",-2.59839622839152,-2.97463784065628,0.0692417077061326,0.048584892212232
"Q1_0306",-2.54678887978303,-2.84943408858746,0.0726425076850998,0.0547105772690665
"Q1_0307",-2.46107817353872,-2.76372338234316,0.0786321888991604,0.059316268039277
"Q1_0308",-2.24741179313321,-2.55005700193765,0.0955729522410777,0.0724226560139707
"Q1_0309",-1.90104403393887,-2.20368924274331,0.129990355956731,0.0994196827571291
"Q1_0310",-2.49045020111155,-2.70812265891412,0.0765303740079504,0.0624957545596667
"Q1_0311",-2.62938417090805,-2.50316742008428,0.0672710809088769,0.0756364301934193
"Q1_0312",-2.4733199147382,-2.34710316391443,0.0777498473173252,0.0872963039955398
"Q1_0313",-2.38212900535292,-2.25591225452915,0.0845456398517416,0.0948407046149254
"Q1_0314",-2.14001923152693,-2.01380248070317,0.105267578162103,0.117761349794894
"Q1_0315",-2.52223534472493,-3.48703717878875,0.0743140261591128,0.0296833212031483
"Q1_0316",-2.45436292772746,-3.41916476179128,0.0791200815715651,0.0317018575347755
"Q1_0317",-2.31203213435965,-3.27683396842347,0.0901313551872377,0.0363745275341835
"Q1_0318",-2.67024619492532,-2.75029815315874,0.0647520576342842,0.0600698138116812
"Q1_0319",-2.57102897023377,-2.65108092846719,0.0710263809714004,0.0659224182954515
"Q1_0320",-2.38152409309411,-2.46157605132752,0.0845924704216546,0.0785961256341567
"Q1_0321",-2.0422264794384,-2.12227843767182,0.114840211937655,0.106950257609672
"Q1_0322",-2.66114612072426,-2.83140718261373,0.0653053387199508,0.0556503993945723
"Q1_0323",-2.43796090792682,-2.60822196981629,0.0803234142464324,0.0686111392301154
"Q1_0324",-2.33554491324893,-2.5058059751384,0.0882216188109525,0.0754521605724064
"Q1_0325",-2.09238895191848,-2.26265001380796,0.10983877864455,0.0942638721574296
"Q1_0326",-2.56495752171767,-2.96660478089411,0.0714280299236819,0.0489575649821549
"Q1_0327",-2.45668586278525,-2.85833312196169,0.0789509976896921,0.0542521625834538
"Q1_0328",-2.37587797395963,-2.77752523313607,0.085030713310734,0.0585508222456758
"Q1_0329",-2.24029942724864,-2.64194668642507,0.0961895072305655,0.0664871094055826
"Q1_0330",-2.67292641533999,-2.86917185827635,0.064589934776477,0.0536987186162726
"Q1_0331",-2.62917167600237,-2.82541711893873,0.0672844152728596,0.0559660369844783
"Q1_0332",-2.37515784190651,-2.57140328484287,0.0850867566832967,0.0710016870472139
"Q1_0333",-2.2260278121716,-2.42227325510797,0.0974374103766361,0.0814899418773869
"Q1_0334",-2.55662528114317,-2.85710686860758,0.0719826519929179,0.0543151146534929
"Q1_0335",-2.45955544629131,-2.76003703375571,0.0787425800297104,0.0595222928156485
"Q1_0336",-2.91643341960927,-2.61921657983801,0.0513471535359939,0.0679118671686622
"Q1_0337",-2.6193538918733,-2.32213705210204,0.0679031758537252,0.0893060991610731
"Q1_0338",-2.54532304715951,-2.24810620738825,0.0727413162202109,0.0955129447867329
"Q1_0339",-2.28783623916715,-1.9906193993959,0.0921353811911902,0.12019134842789
"Q1_0340",-2.52332488954727,-2.62083312226024,0.074239109543152,0.0678096117296917
"Q1_0341",-2.4567592758544,-2.55426750856737,0.0789456594224007,0.0721403129452418
"Q1_0342",-2.34414724422627,-2.44165547693924,0.0875321063335995,0.0800509134864692
"Q1_0343",-1.85761497228168,-1.95512320499465,0.134981288626079,0.123995798521359
"Q1_0344",-2.66777027307954,-2.35829589123351,0.0649021592302907,0.0864086257683313
"Q1_0345",-2.43992396716634,-2.1304495853203,0.0801785194095628,0.106172318582428
"Q1_0346",-2.23702519348138,-1.92755081163535,0.0964745361750077,0.127021916127644
"Q1_0347",-2.00797463377491,-1.69850025192888,0.11836817594141,0.154661242322246
"Q1_0348",-2.8052712241297,-3.14233261743414,0.0570399926679717,0.0413944597255739
"Q1_0349",-2.66085897215434,-2.99792036545877,0.0653228686150035,0.0475199125945527
"Q1_0350",-2.49348033171792,-2.83054172502236,0.0763164987472759,0.0556958996566336
"Q1_0351",-2.28000714985616,-2.6170685431606,0.0927923512267084,0.0680479638229751
"Q1_0352",-2.58146586340374,-2.94376797070052,0.0703408133179441,0.0500318825279858
"Q1_0353",-2.4821499662328,-2.84445207352958,0.0771190461999812,0.0549688061166319
"Q1_0354",-2.3599460955472,-2.72224820284398,0.0862784439303325,0.0616732352769431
"Q1_0355",-2.18751335298515,-2.54981546028193,0.100877411592367,0.0724388838822016
"Q1_0356",-2.56363039514304,-2.44965188899477,0.0715161030894596,0.0794640095957748
"Q1_0357",-2.48754459076999,-2.37356608462171,0.0767359764266109,0.0852107520789596
"Q1_0358",-2.38347558018263,-2.26949707403435,0.084441476380194,0.093680904337529
"Q1_0359",-2.04345960673828,-1.92948110059,0.114714921680857,0.126808025560851
"Q1_0360",-3.13209814424365,-3.51474326869186,0.041802484970892,0.0288956386521627
"Q1_0361",-2.95963247214003,-3.34227759658823,0.0492832235244799,0.034148956410221
"Q1_0362",-2.78718735797196,-3.16983248242017,0.0580204867619743,0.0403168964207315
"Q1_0363",-2.44139547625563,-2.82404060070384,0.0800700627463873,0.0560388081960203
"Q1_0364",-2.58457052538317,-3.02108962862529,0.0701380608328077,0.0464821565957186
"Q1_0365",-2.5498746164859,-2.98639371972802,0.0724349091891294,0.0480443584698332
"Q1_0366",-2.34494341629186,-2.78146251953398,0.0874685367615854,0.0583341655435776
"Q1_0367",-1.8883741137112,-2.32489321695332,0.131429963123182,0.0890821924317724
"Q1_0368",-2.83671902857253,-3.23390149429476,0.0553719016545167,0.0379096928109663
"Q1_0369",-2.6448927139958,-3.04207517971803,0.066304492927333,0.0455608463315767
"Q1_0370",-2.58998218839483,-2.98716465411707,0.0697859391234199,0.0480091112218745
"Q1_0371",-2.21241326768579,-2.60959573340802,0.0986412987461022,0.0685234027300194
"Q1_0372",-2.65598244948195,-3.2119297489252,0.0656212404376067,0.0387192451090527
"Q1_0373",-2.58152294875972,-3.13747024820297,0.0703370804277722,0.0415878340230924
"Q1_0374",-2.38540045100188,-2.94134775044513,0.0842927814603698,0.0501470377845153
"Q1_0375",-2.24752554964188,-2.80347284908513,0.0955631197215477,0.057136797934626
"Q1_0376",-3.1405887564662,-3.44602423632992,0.0414637131676451,0.0308876465718804
"Q1_0377",-2.98682322412685,-3.29225870399057,0.0480247184272855,0.0358377181579454
"Q1_0378",-2.77431374965036,-3.07974922951409,0.0587280988144301,0.0439503512454644
"Q1_0379",-2.29402063351335,-2.59945611337707,0.0916193817412557,0.0691734321651449
"Q1_0380",-2.78645993717762,-3.29948313822255,0.0580602560822809,0.0355889249275985
"Q1_0381",-2.64474271861596,-3.1577659196609,0.0663137794764728,0.0407863675250996
"Q1_0382",-2.50372855287186,-3.0167517539168,0.0755972076208704,0.0466747966741082
"Q1_0383",-2.28423678980582,-2.79725999085076,0.0924369046995362,0.0574724205462029
"Q1_0384",-2.89613966467307,-3.26056215926806,0.0523447234787813,0.0369492002375484
"Q1_0385",-2.7838703438362,-3.14829283843119,0.0582020412188803,0.0411585978447863
"Q1_0386",-2.67401282551701,-3.038435320112,0.0645243270059643,0.0457193878966973
"Q1_0387",-2.28034045520524,-2.64476294980022,0.0927642967468231,0.0663125268481556
"Q1_0388",-2.70602955727148,-2.73795157919231,0.0626185018184976,0.0607707171938175
"Q1_0389",-2.7723848888004,-2.80430691072123,0.0588348153229261,0.0570918818059933
"Q1_0390",-2.68453497103518,-2.716456992956,0.0638921032003416,0.0620092224958952
"Q1_0391",-2.29757268944961,-2.32949471137044,0.0913241894382761,0.0887095023634238
"Q1_0392",-2.64150276913316,-2.67199335582333,0.0665146671337559,0.064646331344205
"Q1_0393",-2.58122211444369,-2.61171270113385,0.0703567544590387,0.0683884043891893
"Q1_0394",-2.50355869427373,-2.53404928096389,0.0756090785809872,0.0735054043211172
"Q1_0395",-2.24971481553581,-2.28020540222597,0.0953740671637135,0.0927756633067042
"Q1_0396",-2.69522887065875,-2.90727778086965,0.0632554772040189,0.0517949667619756
"Q1_0397",-2.58880039627375,-2.80084930648465,0.0698626951931197,0.057278298228856
"Q1_0398",-2.50538760276977,-2.71743651298067,0.0754813510500711,0.06195227405259
"Q1_0399",-2.35184004151847,-2.56388895172937,0.0869196272292582,0.0714989364332855
"Q1_0400",-2.74632551645374,-2.75386733052978,0.0602945069628528,0.0598686090918258
"Q1_0401",-2.60081594157691,-2.60835775565294,0.0690859261888761,0.0686024625276902
"Q1_0402",-2.49204297534295,-2.49958478941898,0.0764178830147551,0.0758872929527284
"Q1_0403",-2.28950203753888,-2.29704385161492,0.0919961377034809,0.0913680840460635
"Q1_0404",-2.63684316686155,-3.05294686885422,0.0668045690504979,0.0450904191139766
"Q1_0405",-2.4714070877529,-2.88751078974557,0.0778871170398449,0.052774413816816
"Q1_0406",-2.32858055196934,-2.74468425396201,0.0887834309159829,0.0603875665222776
"Q1_0407",-2.09581054013607,-2.51191424212874,0.109504681856276,0.0750271566324756
"Q1_0408",-2.85985187546326,-2.98484106325505,0.0541742897977793,0.0481154207709839
"Q1_0409",-2.69659793409853,-2.82158712189031,0.0631744029047866,0.0561687349047322
"Q1_0410",-2.68408364049998,-2.80907282829176,0.0639191025493705,0.0568358619381257
"Q1_0411",-2.81550125086518,-2.73044759723692,0.056492242932504,0.0612004410928789
"Q1_0412",-2.75446847927077,-2.66941482564251,0.0598347827713701,0.064802422938662
"Q1_0413",-2.56175351944099,-2.47669986581273,0.0716408308161965,0.0775078342004395
"Q1_0414",-2.25227878575307,-2.16722513212481,0.0951530826955685,0.102732534952598
"Q1_0415",-2.5877290233093,-3.2456049822813,0.069932347134464,0.0374851376528941
"Q1_0416",-2.51839024097535,-3.17626619994735,0.0745789697629342,0.0400687014830031
"Q1_0417",-2.4376597202156,-3.0955356791876,0.0803456662660467,0.0432917798693293
"Q1_0418",-1.92636193997988,-2.58423789895188,0.127153805420983,0.0701597574027016
"Q1_0419",-2.60846893639667,-2.91340013204102,0.0685953588453038,0.0514951081011777
"Q1_0420",-2.52117552790051,-2.82610672354487,0.0743869653966224,0.055929613679815
"Q1_0421",-2.41118351623201,-2.71611471187636,0.0823238632380626,0.0620291339444398
"Q1_0422",-2.1620728498846,-2.46700404552896,0.103208437958199,0.0782039349962588
"Q1_0423",-2.73551078047068,-2.94870690664159,0.0609101816640211,0.0497976623551428
"Q1_0424",-2.5893294878923,-2.80252561406321,0.0698283216385997,0.0571878489661239
"Q1_0425",-2.47313731225501,-2.68633343842591,0.0777629418030248,0.0637846213710696
"Q1_0426",-2.20386433312434,-2.41706045929525,0.0994040070676725,0.0818809683387108
"Q1_0427",-3.18498103021475,-3.22487864048544,0.0397348415161153,0.0382401548573116
"Q1_0428",-2.90771266572739,-2.94761027599808,0.0517736127515213,0.0498495781910573
"Q1_0429",-2.71605206405993,-2.75594967433062,0.0620327789896665,0.0597515130677138
"Q1_0430",-2.23297433399743,-2.27287194426813,0.0968282159040673,0.0933947543423254
"Q1_0431",-2.78265167510649,-3.83868918262705,0.058268877990497,0.0210683649934111
"Q1_0432",-2.46985877158479,-3.52589627910535,0.0779983909149891,0.0285843165733718
"Q1_0433",-2.40489064703625,-3.46092815455681,0.0828005196536731,0.0304446242878618
"Q1_0434",-2.17902847341597,-3.23506598093653,0.101649610430952,0.0378672438625174
"Q1_0435",-2.65872706239906,-3.04003685111131,0.0654531547382303,0.045649565313748
"Q1_0436",-2.59374246292583,-2.97505225163808,0.069542232198997,0.0485657398961779
"Q1_0437",-2.37148459480378,-2.75279438351604,0.085373144107423,0.0599290277526242
"Q1_0438",-2.72799611362383,-2.87408880482996,0.0613414425602556,0.0534494107530952
"Q1_0439",-2.5479639054613,-2.69405659666743,0.0725633911440483,0.0633249749609178
"Q1_0440",-2.48956494679164,-2.63565763799777,0.0765929614663542,0.066878514924724
"Q1_0441",-2.21611125930886,-2.36220395051499,0.0983129935510951,0.0861006133127454
"Q1_0442",-2.65339522064372,-2.3075634346138,0.0657800550082005,0.0904984947831188
"Q1_0443",-2.68381683219961,-2.7621089138955,0.0639350684682446,0.059406416022945
"Q1_0444",-2.53060130006332,-2.60889338175921,0.073740565539415,0.0685682459809658
"Q1_0445",-2.42400166594873,-2.50229374764462,0.0813606650273693,0.0756975361432719
"Q1_0446",-2.08685663367899,-2.16514871537488,0.110380865462314,0.102924094007953
"Q1_0447",-2.46537844931486,-2.751747182719,0.0783212014857527,0.0599880516641144
"Q1_0448",-2.72849765693357,-3.0291224606877,0.0613125707161325,0.0461274231147275
"Q1_0449",-2.62491807794255,-2.92554288169668,0.0675518511124107,0.0509052351295727
"Q1_0450",-2.49244068557299,-2.79306548932712,0.0763898180747791,0.057700056130799
"Q1_0451",-2.2390642736581,-2.53968907741224,0.0962969414554944,0.0731222435225146
"Q1_0452",-3.02355524980471,-2.8191407484074,0.0463729985207982,0.0562985673835276
"Q1_0453",-2.54018040679138,-3.12996440127389,0.0730889504701086,0.0418880357334115
"Q1_0454",-2.47152902014804,-3.06131301463055,0.0778783602188795,0.0447315635294873
"Q1_0455",-2.35702764213448,-2.946811636617,0.0865087966407458,0.049887419026152
"Q1_0456",-2.1223989354193,-2.71218292990182,0.106938749185935,0.0622582853027421
"Q1_0457",-2.93777710586475,-2.7733668835727,0.0503173892912655,0.058780462602766
"Q1_0458",-2.79396473400518,-2.62955451171312,0.0576511829564469,0.0672603935465974
"Q1_0459",-2.63026126450228,-2.46585104221023,0.0672160679559682,0.0782870932245343
"Q1_0460",-2.1456885019187,-1.98127827962665,0.104734804166818,0.121182638492659
"Q1_0461",-2.61889912928847,-3.02428761593373,0.0679319644959051,0.0463406221853258
"Q1_0462",-2.58850003604991,-2.8502247858922,0.0698822156926797,0.0546696989105805
"Q1_0463",-2.49701248609812,-2.75873723594041,0.0760678814118614,0.0595950963759033
"Q1_0464",-2.40819076672031,-2.6699155165626,0.0825502382221182,0.0647720861433297
"Q1_0465",-2.02912637836764,-2.29085112820993,0.116178596450713,0.091883506330288
"Q1_0466",-2.60711562740761,-2.85508489255368,0.0686818723001875,0.0544190670618432
"Q1_0467",-2.53478788077416,-2.78275714592023,0.0734551197734109,0.0582630906952145
"Q1_0468",-2.32728881784258,-2.57525808298865,0.0888879889372774,0.0707478429333851
"Q1_0469",-1.96552862470039,-2.21349788984646,0.122869968036496,0.0985449056674503
"Q1_0470",-2.68638561579788,-3.09073816222284,0.0637815056105577,0.0434909174574948
"Q1_0471",-2.55899968563807,-2.96335223206303,0.0718242001494397,0.0491092283656353
"Q1_0472",-2.48922909618466,-2.89358164260962,0.0766167183755428,0.0524717589329991
"Q1_0473",-2.2479879387082,-2.65234048513316,0.095523162533064,0.0658449014038649
"Q1_0474",-2.59616793697663,-2.76082422181169,0.0693854529723543,0.0594782417853498
"Q1_0475",-2.51420236826504,-2.67885865310009,0.0748685193930377,0.0642324448191863
"Q1_0476",-2.36897023479828,-2.53362651963334,0.0855696816191918,0.073534200557073
"Q1_0477",-2.06286626827024,-2.2275225531053,0.112758758061727,0.0973060369098446
"Q1_0478",-2.80799062945121,-2.94547388673795,0.0568939016283406,0.0499508647774251
"Q1_0479",-2.71284941122898,-2.85033266851572,0.0622193860126376,0.0546641237048857
"Q1_0480",-2.60555584296009,-2.74303910024683,0.0687817105491522,0.0604809815779265
"Q1_0481",-2.77359777319194,-2.81613940524167,0.0587676898619927,0.0564582383747542
"Q1_0482",-2.60612232275501,-2.64866395480474,0.0687454359345608,0.0660714036802192
"Q1_0483",-2.51792325358387,-2.5604648856336,0.0746112062107049,0.0717265831407428
"Q1_0484",-2.21968774559955,-2.26222937764928,0.0979964019697497,0.0942997914429429
"Q1_0485",-2.57709865510025,-2.84481141657474,0.0706269345238724,0.0549501422234003
"Q1_0486",-2.47295847833468,-2.74067123980916,0.0777757680010901,0.0606156706990922
"Q1_0487",-2.31052977476276,-2.57824253623725,0.0902546361228612,0.0705518884394765
"Q1_0488",-1.98626180363615,-2.25397456511064,0.120652907256845,0.0950071780365589
"Q1_0489",-2.54714546525475,-3.17048719723973,0.0726184897605349,0.0402915721812901
"Q1_0490",-2.45166159306901,-3.07500332505399,0.0793171249756325,0.0441502002376813
"Q1_0491",-2.26618469791675,-2.88952642990173,0.093962519707954,0.0526737442089051
"Q1_0492",-2.64752508157941,-3.14093892095827,0.0661417136999339,0.041449798298571
"Q1_0493",-2.51899899250772,-3.01241283188657,0.0745369664697984,0.0468682426707176
"Q1_0494",-2.43608066909388,-2.92949450847273,0.0804624200759966,0.0507146551213771
"Q1_0495",-2.20355172005501,-2.69696555943386,0.099431996585669,0.0631526490820039
"Q1_0496",-2.75011361956896,-2.43828913391588,0.060080233688155,0.0802991710191741
"Q1_0497",-2.60779116307846,-2.29596667742537,0.0686386744703211,0.0914575503727871
"Q1_0498",-2.76044418634549,-2.95335691332947,0.0594995047494141,0.0495780940616396
"Q1_0499",-2.56626234508719,-2.75917507207117,0.0713415345035886,0.0595705632285747
"Q1_0500",-2.54725372087813,-2.74016644786211,0.0726111996180353,0.0606444206409616
"Q1_0501",-2.32955528144761,-2.52246800843159,0.0887046059926998,0.0742980224700838
"Q1_0502",-2.59496120270231,-2.73043767786007,0.0694634136480178,0.0612010110126318
"Q1_0503",-2.47996074470967,-2.61543721986744,0.0772750011327633,0.0681514910953863
"Q1_0504",-2.88219826426129,-3.22672613969349,0.0530406149550201,0.0381722657526058
"Q1_0505",-2.63667849369087,-2.98120636912307,0.0668148357913274,0.0482821646379055
"Q1_0506",-2.58165369732283,-2.92618157275503,0.0703285312888616,0.0508743863281494
"Q1_0507",-2.41536606640561,-2.7598939418378,0.0820084370997893,0.0595303035187429
"Q1_0508",-2.63511069644529,-3.21222188121537,0.0669126553252063,0.0387083733912708
"Q1_0509",-2.55667921991024,-3.13379040468032,0.0719790489044431,0.0417347539502012
"Q1_0510",-2.45280028635311,-3.02991147112319,0.0792340106756085,0.0460927193345095
"Q1_0511",-2.18967915307024,-2.76679033784032,0.100681140750681,0.0591453696344041
"Q1_0512",-2.71051440895513,-3.00485120515267,0.0623557683888957,0.0472071924819858
"Q1_0513",-2.4838808341677,-2.77821763036524,0.0769959475214039,0.0585126671578667
"Q1_0514",-2.15539423025351,-2.44973102645105,0.103828227474987,0.0794582209245885
"Q1_0515",-2.74013364615111,-2.26473621797048,0.0606462892722977,0.0940859065158209
"Q1_0516",-2.59397051162302,-2.11857308344239,0.069527477503343,0.107304678801775
"Q1_0517",-2.53582521955345,-2.06042779137282,0.0733845502822302,0.11300294404089
"Q1_0518",-2.28434479853099,-1.80894737035036,0.0924278439955042,0.14076539367709
"Q1_0519",-2.58341223568616,-3.11659307905789,0.0702136406195012,0.0424279721028479
"Q1_0520",-2.46866785972175,-3.00184870309348,0.0780840779685234,0.0473424247899315
"Q1_0521",-2.38566046688277,-2.9188413102545,0.084272713651617,0.0512299903105431
"Q1_0522",-2.09316763555174,-2.62634847892346,0.109762666586245,0.0674618078730785
"Q1_0523",-2.64675620292163,-2.52584604442561,0.0661892208636156,0.0740660223424505
"Q1_0524",-2.60458634107992,-2.48367618258391,0.0688438338742656,0.077010492871603
"Q1_0525",-2.45637990507649,-2.33546974658048,0.0789732491084159,0.08822766529703
"Q1_0526",-2.20036161685675,-2.07945145836073,0.0997180205067254,0.111110131689614
"Q1_0527",-3.00211765097342,-3.05094300904869,0.0473302964160277,0.0451767785473187
"Q1_0528",-2.73419543313759,-2.78302079121286,0.0609854631727596,0.0582486265573002
"Q1_0529",-2.61784331241199,-2.66666867048726,0.0679988463819225,0.0649690474003238
"Q1_0530",-2.27565415932583,-2.3244795174011,0.0931594444934576,0.0891157684327389
"Q1_0531",-2.61445569130686,-2.49237811853402,0.0682138513252534,0.0763942325725354
"Q1_0532",-2.41276944486739,-2.29069187209455,0.0822041309870824,0.0918967956719935
"Q1_0533",-2.35250503492678,-2.23042746215394,0.0868668647852223,0.0970511750657561
"Q1_0534",-2.11937749257129,-1.99729991979845,0.107227648478939,0.119486704731405
"Q1_0535",-2.78256647444798,-2.86439663243494,0.0582735534346633,0.053941890294037
"Q1_0536",-2.51227527646747,-2.59410543445444,0.0750021053855665,0.0695187493925928
"Q1_0537",-2.29562944550266,-2.37745960348963,0.0914855758683918,0.0849077424913419
"Q1_0538",-2.57428223089101,-2.77914853700926,0.0708120248533534,0.0584614055736862
"Q1_0539",-2.49355743749948,-2.69842374361773,0.076311063561664,0.0630664314376001
"Q1_0540",-2.26346875821062,-2.46833506432887,0.0941939924560549,0.0781080382594909
"Q1_0541",-2.11834077364688,-2.32320707976512,0.107326933876622,0.0892191114903852
"Q1_0542",-2.57229303191624,-2.74064578968613,0.070943021328682,0.0606171198812172
"Q1_0543",-2.45011204150898,-2.61846479927887,0.0794303561911701,0.0679594702227982
"Q1_0544",-2.37617040708807,-2.54452316485797,0.0850079646304579,0.0727952867370617
"Q1_0545",-2.21341463255047,-2.38176739032036,0.0985523019772438,0.0845736322194897
"Q1_0546",-2.70922532650171,-3.25415054161627,0.0624311803854012,0.0371780295518541
"Q1_0547",-2.4689941487961,-3.01391936391066,0.0780605926450491,0.0468009893826141
"Q1_0548",-2.42405557924653,-2.96898079436108,0.0813566355787453,0.0488470545642098
"Q1_0549",-2.19388328962024,-2.7388085047348,0.100301118063127,0.0607218243142857
"Q1_0550",-2.64386707369502,-2.94206551207523,0.0663680167303392,0.0501128601753113
"Q1_0551",-2.56487871442735,-2.86307715280756,0.0714332570777998,0.054009265838232
"Q1_0552",-2.30233308130663,-2.60053151968684,0.0909299204686013,0.0691042204732891
"Q1_0553",-2.06806150910054,-2.36625994748075,0.11224004895397,0.0857819932002055
"Q1_0554",-2.82409929849791,-3.18479915570862,0.0560357032540127,0.0397417816977871
"Q1_0555",-2.67385948497717,-3.03455934218788,0.0645335834029058,0.0458887914945162
"Q1_0556",-2.59256676895452,-2.95326662616523,0.0696183452936458,0.0495823485754647
"Q1_0557",-2.40907556213418,-2.7697754193449,0.0824832523713898,0.0589794766583562
"Q1_0558",-2.04123248074754,-2.40193233795825,0.114941292520822,0.0830254646985902
"Q1_0559",-2.59780269295685,-2.88127551599352,0.0692799692397795,0.0530869812361847
"Q1_0560",-2.49667766743274,-2.78015049046941,0.0760914163299254,0.0584062787712102
"Q1_0561",-2.36404376808905,-2.64751659112571,0.0859559532389421,0.0661422381316126
"Q1_0562",-2.09860872856176,-2.38208155159842,0.109232118972551,0.0845493127344018
"Q1_0563",-1.78027921415476,-2.06375203719143,0.144268660223418,0.112670172391658
"Q1_0564",-2.70878049746368,-2.0442777321967,0.0624572228669647,0.114631862801533
"Q1_0565",-2.6417890004539,-1.97728623518693,0.0664968971025881,0.121608424204032
"Q1_0566",-2.70687079797456,-2.04236803270759,0.0625691413201475,0.114825823558047
"Q1_0567",-2.16411150462107,-1.4996087393541,0.103019899877898,0.182483886194566
"Q1_0568",-2.8929476854841,-2.6799403650542,0.0525032872574731,0.0641674573902854
"Q1_0569",-2.62621245730484,-2.41320513687494,0.0674703655934778,0.082171265484347
"Q1_0570",-2.56464303078759,-2.35163571035769,0.0714488916816306,0.0869358452600819
"Q1_0571",-2.33339372597491,-2.12038640554501,0.0883948105764862,0.107131103627474
"Q1_0572",-2.74656000272447,-3.20656284237125,0.0602812225563715,0.0389194969937914
"Q1_0573",-2.53985414460715,-2.99985698425392,0.0731110568187646,0.0474323345694674
"Q1_0574",-2.44157621070808,-2.90157905035486,0.0800567510651991,0.0520755601615385
"Q1_0575",-2.17413283567412,-2.63413567532089,0.102097537865841,0.0669735568242101
"Q1_0576",-2.63168256512859,-2.48059586750992,0.067127009948422,0.0772297267632189
"Q1_0577",-2.49857834887328,-2.34749165125461,0.0759579031632906,0.0872653559728706
"Q1_0578",-2.41355933976464,-2.26247264214597,0.0821445557571849,0.0942790169195661
"Q1_0579",-2.11510848726494,-1.96402178964627,0.107637005610882,0.12303245638581
"Q1_0580",-2.64176194203829,-2.94314475554138,0.0664985767750567,0.0500615114379047
"Q1_0581",-2.49509377646317,-2.79647658996625,0.0762028410510703,0.057514871570788
"Q1_0582",-2.39476022489082,-2.69614303839391,0.0835731292013402,0.0632013305285213
"Q1_0583",-2.21576084294502,-2.51714365644811,0.0983440614755582,0.0746650508608842
"Q1_0584",-2.58055178725823,-2.21572898530272,0.0704006109648986,0.0983468864087167
"Q1_0585",-2.74419296855912,-2.8173267422446,0.0604154485235467,0.0563950213943206
"Q1_0586",-2.54993255418969,-2.62306632787517,0.0724310165617218,0.0676685836984226
"Q1_0587",-2.8112373829886,-3.3996568897307,0.0567199410428906,0.0323061894619879
"Q1_0588",-2.62540547154287,-3.21382497828497,0.0675211573426062,0.0386487661848606
"Q1_0589",-2.57964952261497,-3.16806902935707,0.0704596819941378,0.0403851823035293
"Q1_0590",-2.29275619706338,-2.88117570380548,0.0917246691603774,0.0530919988942978
"Q1_0591",-2.95208605278248,-3.50424766926132,0.0496380114361972,0.0291916130518853
"Q1_0592",-2.8169928425425,-3.36915445902135,0.0564127923731375,0.0332734960932102
"Q1_0593",-2.57060763827368,-3.12276925475253,0.0710541861677661,0.0421777553485693
"Q1_0594",-2.39000496047625,-2.9421665769551,0.0839380504735781,0.0501080495479575
"Q1_0595",-2.93245189605318,-3.33064954499109,0.0505724675905303,0.034534566653381
"Q1_0596",-2.7882627528093,-3.18646040174721,0.057961739942543,0.0396784330587468
"Q1_0597",-2.66437528423526,-3.06257293317316,0.0651085052646909,0.0446777572607199
"Q1_0598",-2.27849209867342,-2.67668974761133,0.0929199698691919,0.0643629337148788
"Q1_0599",-3.03483943713837,-2.94239960287845,0.0458765296541269,0.0500969593215181
"Q1_0600",-2.85325901011501,-2.76081917585509,0.054513099125148,0.0594785240597185
"Q1_0601",-2.76180674871957,-2.66936691445965,0.0594233024432392,0.0648053265639211
"Q1_0602",-2.52838516280439,-2.43594532854447,0.0738920771922678,0.0804724342508039
"Q1_0603",-2.81607544061893,-2.29719612389888,0.0564616459120212,0.0913554431941366
"Q1_0604",-2.64078736113167,-2.12190804441162,0.0665591009279477,0.106985639724333
"Q1_0605",-2.5634953902718,-2.04461607355175,0.0715250681407709,0.11459752854116
"Q1_0606",-2.34762441509321,-1.82874509837316,0.0872547818974766,0.138387835539975
"Q1_0607",-2.64597130031938,-3.54461763653122,0.0662377508087568,0.0280690385547738
"Q1_0608",-2.54048536589757,-3.43913170210941,0.0730682931085743,0.031094633379367
"Q1_0609",-2.51132913844324,-3.40997547465508,0.075067771804187,0.0319851568371605
"Q1_0610",-2.32103137893986,-3.2196777151517,0.0893960649777999,0.0384318937289869
"Q1_0611",-2.61352887809015,-2.93561100607915,0.068272783821982,0.0504209984408139
"Q1_0612",-2.69666150313937,-3.33581322964355,0.06317064077743,0.0343628126345877
"Q1_0613",-2.47112324670002,-3.1102749732042,0.0779075051495598,0.0426854064755122
"Q1_0614",-2.43563280634227,-3.07478453284646,0.0804955628701783,0.0441594343998372
"Q1_0615",-2.75235349787037,-3.06903488457716,0.0599538709847572,0.0444027605500865
"Q1_0616",-2.51979553192471,-2.83647691863151,0.0744820388370852,0.0553845667851082
"Q1_0617",-2.47069124307192,-2.78737262977872,0.0779385450536399,0.0580103617254215
"Q1_0618",-2.29882985859577,-2.61551124530257,0.0912199179966906,0.0681467901223262
"Q1_0619",-2.75133456890452,-2.42579089254495,0.0600113229694414,0.0812270363794479
"Q1_0620",-2.69855271305323,-2.37300903669365,0.0630588111847379,0.0852541839321313
"Q1_0621",-2.55992380134929,-2.23438012498972,0.0717626178993815,0.0967053456098079
"Q1_0622",-2.27097738373645,-1.94543370737688,0.0935552945239256,0.125052120119667
"Q1_0623",-2.63296553874317,-2.97416423015301,0.0670467134952639,0.048606789254865
"Q1_0624",-2.42423380467257,-2.76543249608242,0.0813433164081805,0.0592209749658823
"Q1_0625",-2.11378667129754,-2.45498536270739,0.107764033589551,0.0790747427791393
"Q1_0626",-1.89084217286838,-2.23204086427823,0.131148475245409,0.0969098809049453
"Q1_0627",-2.5844351670588,-2.51437434915022,0.0701468892422222,0.0748566083133317
"Q1_0628",-2.52765042927573,-2.45758961136714,0.073942372249011,0.0788853041397506
"Q1_0629",-2.42234934094397,-2.35228852303539,0.0814842470847842,0.0868840402639341
"Q1_0630",-2.40931913553144,-2.33925831762286,0.0824648206683363,0.0879233742809671
"Q1_0631",-2.62343564568279,-2.34190397858172,0.0676452873253764,0.0877114423515368
"Q1_0632",-2.5808506300685,-2.29931896296744,0.0703810558976409,0.0911793799152465
"Q1_0633",-2.51118012397662,-2.22964845687555,0.0750781189214283,0.0971194624786813
"Q1_0634",-2.48649986090487,-2.20496819380381,0.0768100257326595,0.099305230002613
"Q1_0635",-2.6844641610903,-2.2349582633855,0.0638963384670168,0.0966548550164963
"Q1_0636",-2.51219878529095,-2.06269288758616,0.0750074122703409,0.112776104961753
"Q1_0637",-2.46823110157396,-2.01872520386917,0.0781155246518835,0.117250871867283
"Q1_0638",-2.41935061956256,-1.96984472185776,0.0817089669385661,0.122405566202539
"Q1_0639",-2.57552563272467,-1.99852149586105,0.0707302555419003,0.119358242891617
"Q1_0640",-2.52699383087096,-1.94998969400734,0.0739873453372466,0.12455448195534
"Q1_0641",-2.49402494093443,-1.91702080407081,0.0762781168532932,0.128194153838465
"Q1_0642",-2.48109168395661,-1.90408754709299,0.0771943996632157,0.129646543781925
"Q1_0643",-2.85094346015243,-2.36211697440303,0.0546325690464397,0.0861074574743414
"Q1_0644",-2.78040087346514,-2.29157438771573,0.0583925104844206,0.0918231746971995
"Q1_0645",-2.72743326023387,-2.23860677448446,0.0613738589126025,0.0963367621445609
"Q1_0646",-2.67871455666131,-2.18988807091191,0.064241106515523,0.100662225977925
"Q1_0647",-2.65967322165815,-2.24030498442097,0.0653953028754914,0.0961890241072813
"Q1_0648",-2.6165827531378,-2.19721451590061,0.0680787778471889,0.100000905532849
"Q1_0649",-2.57686162988577,-2.15749339264858,0.0706424941510281,0.103633067139052
"Q1_0650",-2.53970346376863,-2.12033522653145,0.0731212684877163,0.107135999204819
"Q1_0651",-2.70623213264051,-2.50592318702809,0.0626066122194487,0.0754439843795906
"Q1_0652",-2.65133563635468,-2.45102669074226,0.0659067359702008,0.0793635016866192
"Q1_0653",-2.6090571747735,-2.40874822916108,0.0685577858104183,0.0825080282398401
"Q1_0654",-2.58435411852652,-2.3840451729141,0.0701521759225402,0.0843974509538822
"Q1_0655",-2.72949401489981,-2.39546690732295,0.0612552520460923,0.0835190212651352
"Q1_0656",-2.64046094847405,-2.30643384089719,0.0665793834851213,0.0905915129845683
"Q1_0657",-2.60786954009336,-2.2738424325165,0.0686336642003965,0.0933126134120158
"Q1_0658",-2.56408755057264,-2.23006044299578,0.0714857532058805,0.0970833425352386
"Q1_0659",-2.74036075659542,-2.79267138518776,0.060633352463456,0.05772148760773
"Q1_0660",-2.6728016553971,-2.72511228398944,0.0645974729415527,0.0615076998380513
"Q1_0661",-2.49910230767672,-2.55141293626906,0.0759211355554393,0.0723316203730018
"Q1_0662",-2.47968201438493,-2.53199264297727,0.0772948779433531,0.0736455891343708
"Q1_0663",-2.90733815744454,-2.49051511060957,0.0517920016128864,0.0765257867542015
"Q1_0664",-2.84007911769517,-2.4232560708602,0.0551964116682983,0.0814164090269145
"Q1_0665",-2.77467169598451,-2.35784864914953,0.0587083149850285,0.0864439385626765
"Q1_0666",-2.6703899000457,-2.25356685321072,0.0647433555073487,0.0950422392264871
"Q1_0667",-2.7371891987492,-2.5876413969862,0.0608142466422553,0.0699380467242557
"Q1_0668",-2.64643434623739,-2.49688654447439,0.0662091170262986,0.0760767332580937
"Q1_0669",-2.61247482014134,-2.46292701837834,0.0683398646659618,0.0784983459368401
"Q1_0670",-2.58449957492771,-2.43495177316471,0.0701426882713479,0.0805459846437649
"Q1_0671",-2.70186030345758,-2.33352727522384,0.062863673009627,0.0883840496135582
"Q1_0672",-2.63309502315486,-2.26476199492112,0.0670386145113855,0.0940837094726761
"Q1_0673",-2.58323051320364,-2.2148974849699,0.0702255050594625,0.0984206441437259
"Q1_0674",-2.51181213182461,-2.14347910359087,0.0750342431992843,0.104942150330639
"Q1_0675",-2.64852581781409,-2.44059912231727,0.0660799280686271,0.0801287408795474
"Q1_0676",-2.60239150075789,-2.39446480526107,0.0689846659248153,0.083595757778916
"Q1_0677",-2.56036934801566,-2.35244265251884,0.0717329444752726,0.0868718131485168
"Q1_0678",-2.52556998894162,-2.3176432934448,0.0740849565218269,0.0896722540329299
"Q1_0679",-2.60270134412004,-2.49806309582806,0.0689647686500339,0.0759940758011838
"Q1_0680",-2.55139937445054,-2.44676112615857,0.072332530373008,0.0796757246244216
"Q1_0681",-2.51193765767517,-2.40729940938319,0.0750255316546251,0.0826177709150131
"Q1_0682",-2.48052074794207,-2.3758824996501,0.0772350803514803,0.0850303612104546
"Q1_0683",-2.67233805265244,-2.47786314725533,0.0646254916254139,0.0774247000150075
"Q1_0684",-2.60574773365091,-2.4112728282538,0.0687694208163907,0.0823171162661682
"Q1_0685",-2.49195320489801,-2.2974782995009,0.0764242190912158,0.0913320226036651
"Q1_0686",-2.48854196343403,-2.29406705803692,0.076665344823746,0.0916155181209684
"Q1_0687",-2.73131619827003,-2.46059198416453,0.0611505546833978,0.0786674201316348
"Q1_0688",-2.6897024660857,-2.4189782519802,0.0635837314542492,0.0817369110029576
"Q1_0689",-2.5612861099765,-2.290561895871,0.0716719237070152,0.091907642993874
"Q1_0690",-2.51601431123495,-2.24529009712945,0.0747431150159375,0.0957565064529269
"Q1_0691",-2.57205661373715,-2.05110965497175,0.0709586052573604,0.11394030482979
"Q1_0692",-2.5006093876128,-1.97966242884741,0.0758154707250251,0.121354827771849
"Q1_0693",-2.47642631147652,-1.95547935271112,0.0775273956973387,0.123957118637214
"Q1_0694",-2.46076860438771,-1.93982164562231,0.0786546198522877,0.125667451919862
"Q1_0695",-2.67842865950712,-2.40738445539816,0.0642582951317204,0.0826113253298828
"Q1_0696",-2.58415202168795,-2.31310781757899,0.0701653600159948,0.0900431797710035
"Q1_0697",-2.55210998489155,-2.28106578078259,0.0722848625204422,0.0927032720401445
"Q1_0698",-2.55726344677855,-2.28621924266959,0.0719400334372413,0.0922707264451022
"Q1_0699",-2.6744522160756,-2.323057220123,0.064497810053882,0.0892312896939421
"Q1_0700",-2.61769095845816,-2.26629596250556,0.0680085024497606,0.0939530477848235
"Q1_0701",-2.58177444818637,-2.23037945223377,0.0703206367137081,0.0970553823642098
"Q1_0702",-2.56421044717662,-2.21281545122402,0.0714775963069675,0.0986055458996432
"Q1_0703",-2.60239302700744,-2.63270310716497,0.0689845679003096,0.0670631308367075
"Q1_0704",-2.55621532760658,-2.58652540776411,0.0720100421662228,0.0700106730076769
"Q1_0705",-2.51669595910834,-2.54700603926587,0.0746959882417603,0.0726278799695187
"Q1_0706",-2.48403039867408,-2.51434047883161,0.0769853190075873,0.0748589539715516
"Q1_0707",-2.64698735314156,-1.97744387236753,0.0661749353153181,0.121591586433889
"Q1_0708",-2.61260809272004,-1.94306461194601,0.0683313797519752,0.125311562872494
"Q1_0709",-2.58824008115326,-1.91869660037923,0.0698991143102026,0.128006982815947
"Q1_0710",-2.5719004186945,-1.90235693792047,0.0709689028684447,0.129841948002188
"Q1_0711",-2.82404831714504,-2.45766265264133,0.0560384000095614,0.0788799969477699
"Q1_0712",-2.74808027630389,-2.38169461180018,0.0601951605641306,0.0845792669707802
"Q1_0713",-2.70193533771635,-2.33554967321264,0.0628592527489959,0.0882212359270537
"Q1_0714",-2.65681697938563,-2.29043131488193,0.0655700897039652,0.0919185419460266
"Q1_0715",-3.12491411997305,-2.88155131482076,0.0420911904210985,0.0530731188816138
"Q1_0716",-3.02426938924836,-2.78090658409607,0.0463414276869717,0.0583647112940596
"Q1_0717",-2.943128490229,-2.69976568507672,0.0500622849462943,0.06298718386055
"Q1_0718",-2.89044684907515,-2.64708404392287,0.0526278349146359,0.0661689604804837
"Q1_0719",-2.69357414177676,-2.31741728844119,0.0633535977649537,0.0896907047901944
"Q1_0720",-2.62558724783907,-2.24943039450349,0.0675097132339404,0.0953986092243856
"Q1_0721",-2.50422493004091,-2.12806807670533,0.0755625269642832,0.106398535234704
"Q1_0722",-2.47466244241584,-2.09850558908026,0.0776536361820759,0.109242154896345
"Q1_0723",-2.73475804845507,-2.2531418558845,0.0609532522677803,0.0950787992032533
"Q1_0724",-2.65947407971638,-2.17785788714581,0.0654074752369401,0.101756554675171
"Q1_0725",-2.59908357478158,-2.11746738221101,0.0691974232050193,0.107410640346201
"Q1_0726",-2.55097149331238,-2.06935530074181,0.0723612466808593,0.112111197342471
"Q1_0727",-2.76022044291456,-2.92009991479065,0.0595120265123315,0.0511688497766528
"Q1_0728",-2.70215793885129,-2.86203741072738,0.0628461410445919,0.0540624132566522
"Q1_0729",-2.65198653470933,-2.81186600658542,0.0658666760103581,0.0566863172975972
"Q1_0730",-2.6279508894568,-2.78783036133289,0.067361068929043,0.057985353971384
"Q1_0731",-2.62233097165803,-2.03735985089901,0.0677149917405039,0.115335842204393
"Q1_0732",-2.58505985304346,-2.00008873228444,0.0701061542244227,0.119193606016218
"Q1_0733",-2.53584079842195,-1.95086967766293,0.0733834909377716,0.124458559651692
"Q1_0734",-2.51275252003019,-1.92778139927117,0.0749690024741502,0.126996349074993
"Q1_0735",-2.67442717303228,-2.42165203214077,0.0644993211135669,0.081536452091643
"Q1_0736",-2.61858755370648,-2.36581241281498,0.0679516952493316,0.0858170969163194
"Q1_0737",-2.56831597767586,-2.31554083678436,0.0712055971161085,0.0898440280943654
"Q1_0738",-2.5304210748243,-2.2776459339328,0.0737528763906275,0.0929913141535714
"Q1_0739",-2.69240597159186,-2.12666496835595,0.0634229522578554,0.106532013505249
"Q1_0740",-2.61591621034132,-2.05017520710542,0.0681210782033824,0.114034678773812
"Q1_0741",-2.5903987328005,-2.02465772956459,0.0697589036295778,0.116638229941698
"Q1_0742",-2.56708342896628,-2.00134242573037,0.0712871552627724,0.119062047966365
"Q1_0743",-2.56339887152983,-2.31856634760379,0.0715314781414591,0.0895969326025243
"Q1_0744",-2.51583191375421,-2.27099938982817,0.0747557299806846,0.0935534283645925
"Q1_0745",-2.42847609733639,-2.18364357341035,0.0810268668898578,0.101228947600964
"Q1_0746",-2.38748476363139,-2.14265223970535,0.0841320378983309,0.105019842447217
"Q1_0747",-2.68011233976614,-2.44400619735321,0.0641571310837316,0.0798779707418194
"Q1_0748",-2.62805068434843,-2.3919445419355,0.0673547997298263,0.0837890315980105
"Q1_0749",-2.59741518133947,-2.36130903892654,0.0693049602586368,0.0861710575754114
"Q1_0750",-2.58500609872893,-2.348899956316,0.0701096586180463,0.0871532494958429
"Q1_0751",-2.58179643245818,-2.81038010621453,0.0703191994913402,0.0567658251753207
"Q1_0752",-2.53952055468906,-2.76810422844541,0.073133666035982,0.059072297644193
"Q1_0753",-2.50893604110777,-2.73751971486412,0.0752340998379841,0.0607953716654903
"Q1_0754",-2.48851211378932,-2.71709578754568,0.0766674578402227,0.0619720779908115
"Q1_0755",-2.70790206237298,-2.62671184962123,0.0625086805662434,0.0674389515562522
"Q1_0756",-2.65751610226953,-2.57632588951778,0.0655272669961658,0.0706776747400205
"Q1_0757",-2.6039079563886,-2.52271774363685,0.0688873340126916,0.0742808480514581
"Q1_0758",-2.55105379922448,-2.46986358647272,0.0723557220830076,0.0779980446547508
"Q1_0759",-2.7704216981553,-2.4520420322503,0.058943617825838,0.0792893475008843
"Q1_0760",-2.65031226787985,-2.33193260197484,0.0659697656372639,0.0885126204857155
"Q1_0761",-2.60533325876237,-2.28695359285737,0.0687959686106187,0.0922092380076874
"Q1_0762",-2.57696718957576,-2.25858752367076,0.0706355642463984,0.094611292405415
"Q1_0763",-2.59231973386305,-2.11056122480882,0.0696343478608081,0.108074555906613
"Q1_0764",-2.5513651786563,-2.06960666960206,0.0723348249626679,0.112086177953412
"Q1_0765",-2.51411260370779,-2.03235409465355,0.0748747370129626,0.115847581265619
"Q1_0766",-2.48712036296349,-2.00536185390926,0.0767660373315748,0.118641110196951
"Q1_0767",-2.7164464282604,-2.97453054339959,0.0620098369845264,0.0485898522038292
"Q1_0768",-2.64299588787345,-2.90108000301264,0.0664220186785633,0.052100200490404
"Q1_0769",-2.5706006682211,-2.82868478336029,0.0710546462308693,0.0557936440139363
"Q1_0770",-2.49680816746333,-2.75489228260251,0.0760822424878795,0.0598109463391743
"Q1_0771",-2.64513727295033,-2.06867953108702,0.0662893543266546,0.112178482626975
"Q1_0772",-2.6034762877651,-2.02701854590179,0.0689150271983001,0.116395206234409
"Q1_0773",-2.52615693303011,-1.9496991911668,0.0740447043483235,0.12458616203273
"Q1_0774",-2.46290423182987,-1.88644648996656,0.078499994248545,0.131650169566593
"Q1_0775",-2.85094572097792,-2.10706483097853,0.0546324522797785,0.108412050988202
"Q1_0776",-2.78867508948372,-2.04479419948433,0.0579392295658626,0.114579456245704
"Q1_0777",-2.73435090979454,-1.99047001979515,0.0609765602174625,0.120207145527989
"Q1_0778",-2.67732371923136,-1.93344282923197,0.0643247662666858,0.126370000447983
"Q1_0779",-2.67735032953446,-2.71783457750463,0.064323164688527,0.0619291448886618
"Q1_0780",-2.62979626720482,-2.67028051517499,0.0672452282560123,0.0647499792574833
"Q1_0781",-2.59027110770734,-2.6307553556775,0.0697671860083404,0.0671850960172908
"Q1_0782",-2.55844784562738,-2.59893209359754,0.0718609975247934,0.069207180614518
"Q1_0783",-2.57860645485231,-2.28008275307746,0.0705280284531498,0.0927859869974997
"Q1_0784",-2.43988652172003,-2.14136281994518,0.080181281051812,0.105141097618894
"Q1_0785",-2.41436303660705,-2.1158393348322,0.082083979911214,0.107566826893498
"Q1_0786",-2.40695761002872,-2.10843390825386,0.0826436802932744,0.108279788443097
"Q1_0787",-2.7048290434265,-2.70974780060979,0.062689005901929,0.0624006051232765
"Q1_0788",-2.65506621369368,-2.65998497087697,0.0656774418842661,0.0653762517320168
"Q1_0789",-2.62174764974542,-2.6266664069287,0.0677518259484223,0.0674418095460508
"Q1_0790",-2.61428404318015,-2.61920280036344,0.0682247622127219,0.0679127394124669
"Q1_0791",-2.57945632901956,-2.37207616986542,0.0704723362809961,0.0853269625517851
"Q1_0792",-2.53674189543251,-2.32936173627837,0.0733222413739597,0.0887202526746287
"Q1_0793",-2.50104497845676,-2.29366481930262,0.0757849556088338,0.0916489987785065
"Q1_0794",-2.45260520604742,-2.24522504689328,0.0792482441192045,0.0957621391187164
"Q1_0795",-2.61393200342679,-2.15130978940823,0.0682471448325212,0.104208891665995
"Q1_0796",-2.5703340770195,-2.10771186300093,0.0710722448310085,0.108349525443039
"Q1_0797",-2.52898896803117,-2.06636675401261,0.0738507681994598,0.112409029120155
"Q1_0798",-2.45102866296088,-1.98840644894232,0.0793633575867107,0.120425554486733
"Q1_0799",-2.55989766616673,-2.14976370974795,0.0717643588551069,0.104353305614091
"Q1_0800",-2.52013141017514,-2.10999745375636,0.0744588885585856,0.108128912313985
"Q1_0801",-2.468606279835,-2.05847232341622,0.07808851103222,0.113199095382584
"Q1_0802",-2.44641562741252,-2.03628167099375,0.0797010628643472,0.115445898292036
"Q1_0803",-2.63298830124559,-2.5256313137166,0.0670452896817245,0.0740807499743926
"Q1_0804",-2.58548497709194,-2.47812798956295,0.0700784449074855,0.0774057844153591
"Q1_0805",-2.53535721151124,-2.42800022398225,0.0734163808365579,0.0810623082057065
"Q1_0806",-2.49747808395362,-2.39012109642463,0.0760351649270217,0.0839291209269747
"Q1_0807",-2.62003576698131,-2.39703844556711,0.0678600310999315,0.0833988087849725
"Q1_0808",-2.5771847408518,-2.3541874194376,0.0706212841698279,0.08673350906245
"Q1_0809",-2.53408485220868,-2.31108753079448,0.0735029818721555,0.0902088499447309
"Q1_0810",-2.49563386931453,-2.27263654790033,0.0761648293933582,0.093414687772391
"Q1_0811",-2.61498432186202,-2.66291323013886,0.0681802588540392,0.0651975562083132
"Q1_0812",-2.55332190667277,-2.60125081494961,0.0722036334508587,0.0690579633916084
"Q1_0813",-2.47506688238765,-2.52299579066449,0.0776246737035341,0.0742617309100861
"Q1_0814",-2.48247989654203,-2.53040880481888,0.077095567775302,0.0737537146006726
"Q1_0815",-2.75431417718009,-2.34015375564454,0.0598434635604805,0.0878515930412384
"Q1_0816",-2.66772362772118,-2.25356320618563,0.0649049901884317,0.0950425529047046
"Q1_0817",-2.63713306729227,-2.22297264575672,0.066786498428922,0.0977064226286721
"Q1_0818",-2.61309832384569,-2.19893790231014,0.068300177162519,0.0998459063950105
"Q1_0819",-2.65964599872488,-2.8125641060522,0.0653969667270265,0.056648999390211
"Q1_0820",-2.59330710890437,-2.74622521623169,0.0695704075439168,0.0603001901317349
"Q1_0821",-2.55247062598121,-2.70538873330853,0.072260681745288,0.0626561270795242
"Q1_0822",-2.52732454615206,-2.68024265347937,0.0739646901611434,0.0641493073632771
"Q1_0823",-2.84270067823299,-3.24856957518498,0.0550598572065282,0.0373783216755917
"Q1_0824",-2.76602875528882,-3.17189765224081,0.0591877637987409,0.0402370678292232
"Q1_0825",-2.66163014756825,-3.06749904452024,0.0652757996701822,0.0444679736365948
"Q1_0826",-2.6448314257606,-3.05070032271258,0.0663082872729477,0.0451872481811906
"Q1_0827",-2.56579273411722,-2.0516873210597,0.0713726533957281,0.113881997872719
"Q1_0828",-2.52285104880391,-2.00874563574639,0.0742716820812935,0.118287740043709
"Q1_0829",-2.43428214855472,-1.92017673549721,0.0805955898545345,0.127841859312207
"Q1_0830",-2.41629491841383,-1.90218950535631,0.0819385374282399,0.129860866210794
"Q1_0831",-2.72540826075219,-1.95660097594472,0.0614906169438142,0.123835370969197
"Q1_0832",-2.64767146696954,-1.87886418216208,0.066132672489613,0.132519390400261
"Q1_0833",-2.62158443788418,-1.85277715307671,0.0677621353842995,0.135547157041092
"Q1_0834",-2.59892521046376,-1.8301179256563,0.069207624010425,0.138224225470795
"Q1_0835",-2.71776709349323,-2.51839016889473,0.0619330654157197,0.0745789747377183
"Q1_0836",-2.64102434597502,-2.44164742137652,0.0665443788120018,0.0800515067223863
"Q1_0837",-2.58804256239265,-2.38866563779415,0.0699119567334065,0.0840410916849182
"Q1_0838",-2.54271025888779,-2.34333333428929,0.0729177456881904,0.0875971353403241
"Q1_0839",-2.58109241133094,-2.27479088902748,0.0703652383819956,0.0932323998447796
"Q1_0840",-2.51934112203119,-2.21303959972774,0.0745133693973865,0.0985856248144287
"Q1_0841",-2.47238158435464,-2.16608006205119,0.0778171567815979,0.102838133889797
"Q1_0842",-2.46512371406001,-2.15882219175655,0.0783395920326205,0.103509695662217
"Q1_0843",-2.81801847260974,-2.48833969116728,0.0563582225171404,0.0766796644525114
"Q1_0844",-2.71959289847434,-2.38991411703188,0.0618270757675298,0.0839450359129801
"Q1_0845",-2.70353983958658,-2.37386105814412,0.062764801073645,0.0851877617414178
"Q1_0846",-2.7020882712424,-2.37240948979994,0.0628502443481364,0.0853009517689278
"Q1_0847",-2.63120765715829,-2.08988354417301,0.0671567552626414,0.110083982497706
"Q1_0848",-2.5773510262287,-2.03602691324343,0.0706103709881904,0.115471916229165
"Q1_0849",-2.47842829055066,-1.93710417756539,0.0773843414032946,0.12596633796637
"Q1_0850",-2.45442741283266,-1.91310329984739,0.079115383308236,0.128632613806008
"Q1_0851",-2.61721183827852,-2.18952844847207,0.0680388769761159,0.100694787036628
"Q1_0852",-2.58808419928781,-2.16040080948136,0.0699092493729662,0.103363298799283
"Q1_0853",-2.57267390107263,-2.14499051126618,0.0709179223028993,0.10480026961567
"Q1_0854",-2.55777475705634,-2.13009136724989,0.0719059034486444,0.10620631818656
"Q1_0855",-2.57460806631877,-2.37765409366761,0.0707905886354271,0.0848926321321712
"Q1_0856",-2.50558010109564,-2.30862612844449,0.0754679188606426,0.0904110640855082
"Q1_0857",-2.41664311302465,-2.21968914037349,0.0819123484357247,0.0979962786814161
"Q1_0858",-2.36399733790006,-2.1670433652489,0.0859596012142131,0.102749291171618
"Q1_0859",-2.70712266083234,-2.93767805677898,0.0625543701221237,0.0503221226170908
"Q1_0860",-2.6468196458662,-2.87737504181284,0.0661852996768281,0.0532833953466261
"Q1_0861",-2.51584263393436,-2.746398029881,0.0747549884980322,0.0602903985498178
"Q1_0862",-2.50859680604051,-2.73915220198715,0.0752577051560203,0.0607022246093111
"Q1_0863",-2.83203865004436,-2.267820051281,0.0556172229237825,0.0938233886627531
"Q1_0864",-2.76913903522764,-2.20492043646428,0.0590148064627474,0.0993095016775668
"Q1_0865",-2.71812387167403,-2.15390527291067,0.0619123407843444,0.10396685361619
"Q1_0866",-2.66397295215782,-2.09975435339446,0.0651329992573425,0.10912069903765
"Q1_0867",-2.559406834119,-2.43282541270133,0.0717970621301032,0.0807035998658119
"Q1_0868",-2.51555655587734,-2.38897513445967,0.0747747779748317,0.0840172702597602
"Q1_0869",-2.4777424210974,-2.35116099967973,0.0774333239384001,0.0869735342357797
"Q1_0870",-2.46495936738125,-2.33837794596358,0.0783514590960945,0.0879939994142431
"Q1_0871",-2.79817298212102,-2.87394984134248,0.0574229843871876,0.053456441709525
"Q1_0872",-2.7250050408228,-2.80078190004426,0.061513890687634,0.0572819381163904
"Q1_0873",-2.66352413251737,-2.73930099173883,0.0651603335302409,0.0606937415494153
"Q1_0874",-2.63753055660801,-2.71330741582947,0.0667617287507711,0.0621926676564735
"Q1_0875",-2.66401633662967,-2.49305047524956,0.0651303575966831,0.0763468058335846
"Q1_0876",-2.60741151938543,-2.43644565800532,0.0686629480819812,0.080435419331304
"Q1_0877",-2.5568631296522,-2.38589726827209,0.0719667650564523,0.0842544412923284
"Q1_0878",-2.55397903847092,-2.38301317709081,0.0721596243884348,0.0844772321481159
"Q1_0879",-2.54625201385849,-2.30308588356868,0.0726786822649375,0.0908677117364639
"Q1_0880",-2.51615304659449,-2.27298691630468,0.0747335211187382,0.093385019865098
"Q1_0881",-2.49390250689356,-2.25073637660375,0.0762867439746783,0.0952859654910516
"Q1_0882",-2.47350875923705,-2.23034262894724,0.0777363073384006,0.097058609444194
"Q1_0883",-2.59761270332379,-2.11670396942888,0.069292220822325,0.107483853412821
"Q1_0884",-2.5441171784301,-2.06320844453519,0.0728226940041008,0.112724529839749
"Q1_0885",-2.46114562620114,-1.98023689230623,0.0786273021487993,0.12129358730036
"Q1_0886",-2.43975370875201,-1.9588449748571,0.0801910768523058,0.123592102149996
"Q1_0887",-2.81108347831651,-2.79933528038888,0.05672817593393,0.0573601066649905
"Q1_0888",-2.74463773250776,-2.73288953458013,0.060390206245834,0.0610602899565298
"Q1_0889",-2.55965496652308,-2.54790676859545,0.0717805277867619,0.0725672364316369
"Q1_0890",-2.54791453127692,-2.53616633334929,0.0725667139953391,0.0733613581724415
"Q1_0891",-2.73500253058066,-2.55345120616209,0.0609392601132662,0.0721949721224209
"Q1_0892",-2.6796177715511,-2.49806644713253,0.0641868318522884,0.0759938404763494
"Q1_0893",-2.63445851522228,-2.45290719080371,0.066953385992348,0.0792262117072295
"Q1_0894",-2.62216171119952,-2.44061038678095,0.0677256778795367,0.080127910600969
"Q1_0895",-2.70228567608252,-2.1197513764191,0.0628386181883859,0.107191861878823
"Q1_0896",-2.63238854342216,-2.04985424375874,0.0670828144076602,0.11406710996545
"Q1_0897",-2.57808721510482,-1.9955529154414,0.0705620741964292,0.119670628635308
"Q1_0898",-2.53712932542662,-1.9545950257632,0.0732959213718273,0.124053181188124
"Q1_0899",-2.70087614055624,-2.1994973482475,0.0629216767980856,0.0997956364945264
"Q1_0900",-2.64360374408333,-2.1422249517746,0.06638433536618,0.105060010306837
"Q1_0901",-2.56677628852,-2.06539749621127,0.0713074922648804,0.112505771446859
"Q1_0902",-2.54675584225981,-2.04537704995108,0.0726447333082296,0.114520338762382
"Q1_0903",-2.62274587980839,-2.14287534821031,0.0676888034226886,0.10499887417609
"Q1_0904",-2.57686917229429,-2.09699864069621,0.0706419989774304,0.109388879863075
"Q1_0905",-2.50541882984577,-2.02554829824769,0.075479171931288,0.116546502630426
"Q1_0906",-2.46460379244768,-1.9847332608496,0.0783771399038057,0.120815173259047
"Q1_0907",-2.5401219031928,-1.97810264064166,0.0730929140098066,0.121521242861079
"Q1_0908",-2.50986962149837,-1.94785035894723,0.0751691727329445,0.1247879438971
"Q1_0909",-2.47595972445884,-1.9139404619077,0.0775607711321444,0.128538808606928
"Q1_0910",-2.45200026965658,-1.88998100710543,0.0792923963301575,0.131246635011349
"Q1_0911",-2.61271710571717,-2.33526050689322,0.0683244400710701,0.0882444987293897
"Q1_0912",-2.55865345113005,-2.28119685230609,0.0718472854627903,0.0926922482846902
"Q1_0913",-2.53987328053786,-2.2624166817139,0.0731097600671265,0.0942837955164324
"Q1_0914",-2.54332644865733,-2.26586984983337,0.0728761017593162,0.0939893272744602
"Q1_0915",-2.6337407809903,-2.44208805634342,0.066998237240459,0.0800190629296887
"Q1_0916",-2.58980022005522,-2.39814749540834,0.0697977526798061,0.0833140683531171
"Q1_0917",-2.51784523579894,-2.32619251115206,0.0746165930786113,0.088976815458982
"Q1_0918",-2.48805472506222,-2.29640200041534,0.0766998424563794,0.0914213844830782
"Q1_0919",-2.58225104816322,-2.21988751528156,0.0702894850629117,0.0979787451248853
"Q1_0920",-2.54759487992568,-2.18523134704401,0.072588229722031,0.101084580776852
"Q1_0921",-2.52067691178648,-2.15831337890481,0.0744213041701335,0.103556920700072
"Q1_0922",-2.49972854585154,-2.13736501296987,0.0758772121570712,0.105517831272393
"Q1_0923",-2.78982036775035,-2.25829238171011,0.0578767493117778,0.0946365772895935
"Q1_0924",-2.64723130696138,-2.11570332092114,0.0661598615860037,0.107579884409682
"Q1_0925",-2.60220909165992,-2.07068110561969,0.0689963822128535,0.111979291560201
"Q1_0926",-2.56174933013202,-2.03022134409178,0.0716411094410258,0.1160662113761
"Q1_0927",-2.60354603607424,-1.87962981043566,0.0689105518805595,0.132431400064677
"Q1_0928",-2.56651486098476,-1.84259863534618,0.0713248066513175,0.136744246327643
"Q1_0929",-2.53839562403794,-1.81447939839936,0.0732099562358316,0.14009762089684
"Q1_0930",-2.51691161769343,-1.79299539205485,0.0746810840427632,0.142705872158442
"Q1_0931",-2.59317816841132,-2.84187640133658,0.0695787543724519,0.0551027586387356
"Q1_0932",-2.54629662643098,-2.79499485935624,0.0726756755913983,0.0575952442914349
"Q1_0933",-2.50494291495262,-2.75364114787788,0.0755123889664302,0.0598813409047442
"Q1_0934",-2.47186425168615,-2.72056248461141,0.0778542895351784,0.0617708593073862
"Q1_0935",-2.55652426768984,-2.23873313454777,0.0719894000994981,0.0963257623051846
"Q1_0936",-2.52402048189013,-2.20622934874806,0.07419131726212,0.0991924846259788
"Q1_0937",-2.46866057052658,-2.15086943738451,0.0780846026971,0.104250005427512
"Q1_0938",-2.44039251736154,-2.12260138421946,0.0801439706646999,0.106919416286389
"Q1_0939",-2.72803786307767,-2.27357514312928,0.0613390387262543,0.0933352299877687
"Q1_0940",-2.59917990003682,-2.14471718008844,0.0691912192356375,0.104825915544211
"Q1_0941",-2.5661221015908,-2.11165938164242,0.071350826463071,0.107968745237798
"Q1_0942",-2.55653670106309,-2.1020739811147,0.0719885694684672,0.108895404579254
"Q1_0943",-2.80619971540633,-2.54057070673511,0.0569900729699319,0.0730625132424713
"Q1_0944",-2.68195518896857,-2.41632618029735,0.0640465734169334,0.0819361857958684
"Q1_0945",-2.64895591958228,-2.38332691091106,0.066053389991769,0.0844529708772319
"Q1_0946",-2.62503540032877,-2.35940639165756,0.067544461514653,0.0863210007039584
"Q1_0947",-2.48833356309764,-2.78433549725438,0.0766800983203152,0.0581765492763993
"Q1_0948",-2.4351729450749,-2.73117487923165,0.0805296065411608,0.0611586684771216
"Q1_0949",-2.39701396600079,-2.69301590015754,0.0834006801064986,0.0633867318533653
"Q1_0950",-2.38069398375704,-2.67669591791378,0.0846567734235181,0.0643625621381257
"Q1_0951",-2.63496789188784,-2.20634541853527,0.06692157192945,0.0991821138858022
"Q1_0952",-2.58446263248821,-2.15584015913564,0.0701450977949474,0.103786742046757
"Q1_0953",-2.54574280442692,-2.11712033107435,0.0727130086625644,0.107443917919901
"Q1_0954",-2.52629190373796,-2.09766943038539,0.0740354510070326,0.109323546671746
"Q1_0955",-2.5304055534241,-2.53958823761313,0.0737539367171022,0.073129078272526
"Q1_0956",-2.47320803097793,-2.48239071516696,0.0777578702999575,0.0771019134336632
"Q1_0957",-2.40693591356377,-2.4161185977528,0.082645325197506,0.0819518020595595
"Q1_0958",-2.3715403566271,-2.38072304081613,0.0853687900700742,0.0846545218190626
"Q1_0959",-2.6999131408307,-2.28200828048416,0.0629784816124467,0.0926240294042325
"Q1_0960",-2.64517600928979,-2.22727114894325,0.0662869567782664,0.0973281218767953
"Q1_0961",-2.60939873226498,-2.19149387191843,0.0685359779772139,0.100516947061377
"Q1_0962",-2.60327254808873,-2.18536768774218,0.0689281014549253,0.101072192650186
"Q1_0963",-2.54044673988894,-2.04445426827636,0.0730709092649244,0.114613947126739
"Q1_0964",-2.49100580555062,-1.99501333393804,0.0764911167485575,0.119727484980882
"Q1_0965",-2.4741945917303,-1.97820212011772,0.0776871519304961,0.121510623445802
"Q1_0966",-2.45892491278078,-1.9629324411682,0.0787883324600894,0.123150040427144
"Q1_0967",-2.56067239026853,-2.07710448801987,0.07171276831971,0.111342141093091
"Q1_0968",-2.5090214670794,-2.02545356483074,0.0752281566330672,0.116556257060915
"Q1_0969",-2.47792951202645,-1.99436160977778,0.0774199597046583,0.119796189048982
"Q1_0970",-2.44915135027418,-1.96558344802551,0.0795006314512298,0.122864059687781
"Q1_0971",-2.68586878560267,-2.79426863584364,0.0638123742704156,0.0576346749413156
"Q1_0972",-2.62048060132653,-2.7288804515675,0.0678318984908083,0.0612905433059204
"Q1_0973",-2.57437497136831,-2.68277482160928,0.0708059229877984,0.0639974584106706
"Q1_0974",-2.51310912244988,-2.62150897269085,0.0749442763252826,0.0677669027083934
"Q1_0975",-2.61552124878653,-2.14701722187935,0.0681461548757778,0.104610281592224
"Q1_0976",-2.56205721112835,-2.09355318422117,0.0716206353886023,0.109724998433865
"Q1_0977",-2.52575358648932,-2.05724955958214,0.0740723633802405,0.113321900671108
"Q1_0978",-2.51677871856999,-2.04827469166281,0.0746902683989591,0.114226830205506
"Q1_0979",-2.57251959583854,-2.46072825586753,0.0709280899273837,0.078657543881408
"Q1_0980",-2.52608798084904,-2.41429664087803,0.0740494319925505,0.0820889827159171
"Q1_0981",-2.48446352017636,-2.37267218020535,0.0769545476471227,0.0852804576617052
"Q1_0982",-2.45169797157499,-2.33990663160398,0.079314468442469,0.0878713980197258
"Q1_0983",-2.71493902940874,-2.77935527467464,0.0620975721699784,0.0584500270126382
"Q1_0984",-2.6148303799218,-2.6792466251877,0.0681900396990838,0.064209129063606
"Q1_0985",-2.57648734213821,-2.64090358740411,0.0706670708889756,0.0665518802711418
"Q1_0986",-2.54625865128619,-2.61067489655208,0.0726782349268675,0.0684545540280796
"Q1_0987",-2.45484540550215,-1.9826000304715,0.0790849353330808,0.121041945921041
"Q1_0988",-2.42294199840907,-1.95069662337842,0.0814399008956457,0.124477418364961
"Q1_0989",-2.39794228861725,-1.9256969135866,0.0833297419175249,0.127227632153666
"Q1_0990",-2.33702495829987,-1.86477958326923,0.088102638645484,0.134146924656109
"Q1_0991",-2.76570360683992,-2.21181128125224,0.0592058721463888,0.0986948350114487
"Q1_0992",-2.69828869614167,-2.14439637055399,0.0630744117364447,0.104856023307277
"Q1_0993",-2.63774595860435,-2.08385363301668,0.0667483094678241,0.110676096113972
"Q1_0994",-2.60741463132924,-2.05352230574157,0.0686627490785833,0.113696955426552
"Q1_0995",-2.77288894890842,-2.52476016093056,0.0588069100675021,0.0741405269525582
"Q1_0996",-2.69911919049438,-2.45099040251653,0.063025350622339,0.0793661531239917
"Q1_0997",-2.65670346607646,-2.4085746780986,0.065577045081534,0.0825211670859356
"Q1_0998",-2.64236971551522,-2.39424092753736,0.0664608582539394,0.0836129100921453
"Q1_0999",-2.70257035416646,-2.2510156898301,0.0628218556032379,0.0952618895831079
"Q1_1000",-2.63382866295076,-2.18227399861439,0.0669927439944237,0.10135362184359
"Q1_1001",-2.5818329994668,-2.13027833513043,0.0703168089822985,0.106188571279985
"Q1_1002",-2.52381319482935,-2.07225853049299,0.0742055564381194,0.111822528524509
"Q1_1003",-2.60952923320225,-2.5302914291083,0.0685276474233554,0.0737617334183733
"Q1_1004",-2.57110225417341,-2.49186445007947,0.0710215457293107,0.0764304839576027
"Q1_1005",-2.54129375277719,-2.46205594868325,0.0730135605094429,0.0785613790831711
"Q1_1006",-2.48885608668691,-2.40961828259296,0.0766431116959833,0.0824421887201859
"Q1_1007",-2.74892611641265,-2.49184070735451,0.0601473277454144,0.0764321599464662
"Q1_1008",-2.68395349494659,-2.42686808588844,0.063926890048907,0.0811466825519931
"Q1_1009",-2.62706754973547,-2.36998214067732,0.0674165846835819,0.0854905357003215
"Q1_1010",-2.57665239638228,-2.31956698732413,0.0706562320107579,0.0895153446108893
"Q1_1011",-2.82342338904835,-2.53145970313547,0.0560714666901753,0.0736819555740376
"Q1_1012",-2.75535776803206,-2.46339408211918,0.0597847757819641,0.078464566898615
"Q1_1013",-2.69570260101177,-2.40373891509889,0.0632274124876947,0.0828880295065733
"Q1_1014",-2.65154275038587,-2.359579064473,0.0658939865475077,0.086307383026063
"Q1_1015",-2.59958359575783,-2.44744204106415,0.0691652242207083,0.0796258091222771
"Q1_1016",-2.51293247485018,-2.3607909201565,0.0749565238045992,0.0862118659010554
"Q1_1017",-2.49086517007326,-2.33872361537958,0.0765010518621578,0.0879662630291945
"Q1_1018",-2.49017149940717,-2.33802994471349,0.0765500731509269,0.0880219308863652
"Q1_1019",-2.6610371459847,-2.19604280878169,0.0653119909132607,0.100106409458064
"Q1_1020",-2.60734737484733,-2.14235303764432,0.0686670501326964,0.10504796797457
"Q1_1021",-2.56018525635554,-2.09519091915253,0.0717452036137195,0.109565117830225
"Q1_1022",-2.52064138853221,-2.05564705132919,0.0744237511474102,0.113483020580734
