scenario,Group,GA,mean_reliability,q10_reliability,min_reliability,BMI_interval,N,detection_failure_risk,delay_risk,minimax_risk
no_error,1,10.0,0.7752745970157634,0.7315871360597498,0.5014240084179216,"[20.70, 32.09]",158,0.2247254029842366,0.0,0.2247254029842366
no_error,1,10.1,0.7784519861687058,0.7361051331867996,0.5071673632966015,"[20.70, 32.09]",158,0.2215480138312942,0.0,0.2215480138312942
no_error,1,10.2,0.7816049019407789,0.7405859692050886,0.5129125480273399,"[20.70, 32.09]",158,0.21839509805922108,0.0,0.21839509805922108
no_error,1,10.3,0.7847331247519506,0.7450290821760851,0.5186583508017308,"[20.70, 32.09]",158,0.21526687524804944,0.0,0.21526687524804944
no_error,1,10.4,0.787836442799917,0.7494339275088742,0.5244035582046089,"[20.70, 32.09]",158,0.21216355720008295,0.0,0.21216355720008295
no_error,1,10.5,0.7909146523241306,0.7537999798967274,0.5301469550286244,"[20.70, 32.09]",158,0.2090853476758694,0.0,0.2090853476758694
no_error,1,10.6,0.793967557529075,0.7581267326342543,0.5358873250395743,"[20.70, 32.09]",158,0.206032442470925,0.0,0.206032442470925
no_error,1,10.7,0.7969949706339997,0.7624136975971245,0.5416234525097462,"[20.70, 32.09]",158,0.2030050293660003,0.0,0.2030050293660003
no_error,1,10.8,0.7999967120382518,0.7666604065455525,0.5473541221270753,"[20.70, 32.09]",158,0.20000328796174816,0.0,0.20000328796174816
no_error,1,10.9,0.8029726101122018,0.7708664106095559,0.553078121080542,"[20.70, 32.09]",158,0.19702738988779822,0.0,0.19702738988779822
no_error,1,11.0,0.8059225014561997,0.7750312790160754,0.5587942390470885,"[20.70, 32.09]",158,0.1940774985438003,0.0,0.1940774985438003
no_error,1,11.1,0.8088461947009162,0.7791545424678799,0.5645011611012981,"[20.70, 32.09]",158,0.19115380529908377,0.0,0.19115380529908377
no_error,1,11.2,0.811743344827531,0.7832354965589483,0.5701971250678967,"[20.70, 32.09]",158,0.18825665517246903,0.0,0.18825665517246903
no_error,1,11.3,0.8146132546545992,0.7872730505296158,0.5758797935125145,"[20.70, 32.09]",158,0.18538674534540078,0.0,0.18538674534540078
no_error,1,11.4,0.8174548492269356,0.7912657225169488,0.5815462573596438,"[20.70, 32.09]",158,0.18254515077306444,0.0,0.18254515077306444
no_error,1,11.5,0.8202667131009419,0.7952116837839994,0.5871930725703673,"[20.70, 32.09]",158,0.1797332868990581,0.0,0.1797332868990581
no_error,1,11.6,0.8230471624806893,0.7991088420662955,0.5928163525334248,"[20.70, 32.09]",158,0.17695283751931068,0.0,0.17695283751931068
no_error,1,11.7,0.8257943074971797,0.8029549105153408,0.5984118485095062,"[20.70, 32.09]",158,0.17420569250282025,0.0,0.17420569250282025
no_error,1,11.8,0.8285060881529701,0.8067474518600117,0.6039749938905313,"[20.70, 32.09]",158,0.1714939118470299,0.0,0.1714939118470299
no_error,1,11.9,0.8311803212063562,0.8104839309490225,0.6095009704152075,"[20.70, 32.09]",158,0.1688196787936438,0.0,0.1688196787936438
no_error,1,12.0,0.8338147552821513,0.814161776358129,0.6149847920339317,"[20.70, 32.09]",158,0.16618524471784868,0.0,0.16618524471784868
no_error,1,12.1,0.8364071024007677,0.8177784178887932,0.6204213511750274,"[20.70, 32.09]",158,0.16359289759923235,0.006666666666666643,0.16359289759923235
no_error,1,12.2,0.8389550709326772,0.8213313241124296,0.6258054680055128,"[20.70, 32.09]",158,0.16104492906732282,0.013333333333333286,0.16104492906732282
no_error,1,12.3,0.8414564058450277,0.8248180442500107,0.6311319648889311,"[20.70, 32.09]",158,0.15854359415497232,0.02000000000000005,0.15854359415497232
no_error,1,12.4,0.8439089142187026,0.8282362397553082,0.6363957049355423,"[20.70, 32.09]",158,0.15609108578129738,0.02666666666666669,0.15609108578129738
no_error,1,12.5,0.8463104894894713,0.8315837092722261,0.6415916401123549,"[20.70, 32.09]",158,0.1536895105105287,0.03333333333333333,0.1536895105105287
no_error,1,12.6,0.8486591377297572,0.8348584153328699,0.6467148644436881,"[20.70, 32.09]",158,0.1513408622702428,0.03999999999999997,0.1513408622702428
no_error,1,12.7,0.8509529945531423,0.838058504807885,0.6517606468868877,"[20.70, 32.09]",158,0.14904700544685767,0.04666666666666662,0.14904700544685767
no_error,1,12.8,0.8531903412782312,0.8406603718417792,0.6567244675785009,"[20.70, 32.09]",158,0.14680965872176877,0.05333333333333338,0.14680965872176877
no_error,1,12.9,0.8553696231216877,0.8436646315526217,0.661602061780808,"[20.70, 32.09]",158,0.14463037687831226,0.060000000000000026,0.14463037687831226
no_error,1,13.0,0.8574894559181258,0.8466579584020972,0.6663894392374917,"[20.70, 32.09]",158,0.14251054408187425,0.06666666666666667,0.14251054408187425
no_error,1,13.1,0.8595486335180642,0.8495706536550438,0.6710829090777696,"[20.70, 32.09]",158,0.1404513664819358,0.0733333333333333,0.1404513664819358
no_error,1,13.2,0.8615461425300555,0.8524019718681775,0.6756791117931746,"[20.70, 32.09]",158,0.13845385746994454,0.07999999999999995,0.13845385746994454
no_error,1,13.3,0.863481160944044,0.8551514038376912,0.6801750315270281,"[20.70, 32.09]",158,0.13651883905595597,0.08666666666666671,0.13651883905595597
no_error,1,13.4,0.8653530572846141,0.8578186749128813,0.6845680063063061,"[20.70, 32.09]",158,0.1346469427153859,0.09333333333333335,0.1346469427153859
no_error,1,13.5,0.8671614010672244,0.8604037515489098,0.6888557461654738,"[20.70, 32.09]",158,0.1328385989327756,0.1,0.1328385989327756
no_error,1,13.6,0.8689059601568707,0.8629068337715633,0.6930363490290775,"[20.70, 32.09]",158,0.13109403984312928,0.10666666666666665,0.13109403984312928
no_error,1,13.7,0.8705866922152108,0.865328342634699,0.6971082855891975,"[20.70, 32.09]",158,0.1294133077847892,0.11333333333333329,0.1294133077847892
no_error,1,13.8,0.8722037483079854,0.8676689208977811,0.7010704148347487,"[20.70, 32.09]",158,0.12779625169201458,0.12000000000000005,0.12779625169201458
no_error,1,13.9,0.8737574756892956,0.8695837399906103,0.7049219970991334,"[20.70, 32.09]",158,0.12624252431070437,0.12666666666666668,0.12666666666666668
no_error,1,14.0,0.8752484021152586,0.8715465933047161,0.7086626659909241,"[20.70, 32.09]",158,0.12475159788474144,0.13333333333333333,0.13333333333333333
no_error,1,14.1,0.8766772335639255,0.872752234082338,0.7122924338646024,"[20.70, 32.09]",158,0.12332276643607454,0.13999999999999999,0.13999999999999999
no_error,1,14.2,0.8780448613141992,0.8740639534012193,0.7158117038111157,"[20.70, 32.09]",158,0.12195513868580077,0.1466666666666666,0.1466666666666666
no_error,1,14.3,0.8793523456322819,0.8755377511519563,0.719221241185882,"[20.70, 32.09]",158,0.12064765436771807,0.15333333333333338,0.15333333333333338
no_error,1,14.4,0.8806009068662303,0.8773263753164197,0.7225221626732794,"[20.70, 32.09]",158,0.11939909313376973,0.16000000000000003,0.16000000000000003
no_error,1,14.5,0.881791933682976,0.8780554239129611,0.725715945769409,"[20.70, 32.09]",158,0.11820806631702396,0.16666666666666666,0.16666666666666666
no_error,1,14.6,0.8829269645156949,0.8787348176415963,0.728804426223777,"[20.70, 32.09]",158,0.11707303548430514,0.1733333333333333,0.1733333333333333
no_error,1,14.7,0.8840075919879657,0.8793664780214744,0.731789964730256,"[20.70, 32.09]",158,0.11599240801203425,0.17999999999999997,0.17999999999999997
no_error,1,14.8,0.8850355015514766,0.8799528622087186,0.7346753802711977,"[20.70, 32.09]",158,0.11496449844852341,0.1866666666666667,0.1866666666666667
no_error,1,14.9,0.8860125342510532,0.880496591062143,0.7374637966907098,"[20.70, 32.09]",158,0.1139874657489468,0.19333333333333336,0.19333333333333336
no_error,1,15.0,0.8869406701078364,0.8810004268933338,0.7401586116591772,"[20.70, 32.09]",158,0.11305932989216361,0.2,0.2
no_error,1,15.1,0.8878220253308136,0.8814672768967687,0.7427634846640011,"[20.70, 32.09]",158,0.11217797466918644,0.20666666666666664,0.20666666666666664
no_error,1,15.2,0.8886588573925243,0.8819002049300964,0.7452823442526944,"[20.70, 32.09]",158,0.11134114260747574,0.2133333333333333,0.2133333333333333
no_error,1,15.3,0.8894535477242851,0.8823024136477281,0.7477193515678486,"[20.70, 32.09]",158,0.11054645227571491,0.22000000000000006,0.22000000000000006
no_error,1,15.4,0.8902085942995512,0.8826772453212343,0.7500788854097769,"[20.70, 32.09]",158,0.10979140570044876,0.22666666666666668,0.22666666666666668
no_error,1,15.5,0.8909266163799032,0.883028188677674,0.7523655474367652,"[20.70, 32.09]",158,0.10907338362009678,0.23333333333333334,0.23333333333333334
no_error,1,15.6,0.89161034325503,0.8833588698743643,0.754584133288881,"[20.70, 32.09]",158,0.10838965674497003,0.23999999999999996,0.23999999999999996
no_error,1,15.7,0.8922626020917094,0.8836730395802127,0.7567396123386834,"[20.70, 32.09]",158,0.10773739790829062,0.24666666666666662,0.24666666666666662
no_error,1,15.8,0.8928863184805913,0.8839745795127296,0.7588371226943308,"[20.70, 32.09]",158,0.1071136815194087,0.25333333333333335,0.25333333333333335
no_error,1,15.9,0.8934845114771683,0.8842674948764071,0.760881958817979,"[20.70, 32.09]",158,0.10651548852283166,0.26,0.26
no_error,1,16.0,0.8940602781345958,0.8845558989950572,0.7628795415424245,"[20.70, 32.09]",158,0.10593972186540423,0.26666666666666666,0.26666666666666666
no_error,1,16.1,0.8946167889393546,0.8848440077414141,0.7648354057370963,"[20.70, 32.09]",158,0.10538321106064541,0.27333333333333343,0.27333333333333343
no_error,1,16.2,0.8951572852533387,0.8851361363642876,0.7667551962310905,"[20.70, 32.09]",158,0.10484271474666129,0.27999999999999997,0.27999999999999997
no_error,1,16.3,0.8956850633568502,0.885436678541602,0.768644634837883,"[20.70, 32.09]",158,0.10431493664314984,0.28666666666666674,0.28666666666666674
no_error,1,16.4,0.8962034651475056,0.8857500951720831,0.7705095053150901,"[20.70, 32.09]",158,0.1037965348524944,0.2933333333333332,0.2933333333333332
no_error,1,16.5,0.8967158732440134,0.8860809060146533,0.7723556422271746,"[20.70, 32.09]",158,0.10328412675598664,0.3,0.3
no_error,1,16.6,0.8972256964647292,0.8864336672761358,0.7741889069767574,"[20.70, 32.09]",158,0.10277430353527084,0.30666666666666675,0.30666666666666675
no_error,1,16.7,0.8977363567635703,0.8868129553741195,0.7760151639975483,"[20.70, 32.09]",158,0.10226364323642967,0.3133333333333333,0.3133333333333333
no_error,1,16.8,0.898251279723385,0.8872233498642395,0.7778402679082892,"[20.70, 32.09]",158,0.10174872027661497,0.32000000000000006,0.32000000000000006
no_error,1,16.9,0.8987738812290158,0.8876694123373223,0.7796700387176418,"[20.70, 32.09]",158,0.1012261187709842,0.32666666666666655,0.32666666666666655
no_error,1,17.0,0.899307551060814,0.8881556618551693,0.7815102406447303,"[20.70, 32.09]",158,0.10069244893918605,0.3333333333333333,0.3333333333333333
no_error,1,17.1,0.8998556404451169,0.8886865545372065,0.7833665594479056,"[20.70, 32.09]",158,0.1001443595548831,0.3400000000000001,0.3400000000000001
no_error,1,17.2,0.9004214465086882,0.8892664580600825,0.7852445821974575,"[20.70, 32.09]",158,0.09957855349131184,0.3466666666666666,0.3466666666666666
no_error,1,17.3,0.9010081949840484,0.8898996241095087,0.7871497700948437,"[20.70, 32.09]",158,0.09899180501595162,0.3533333333333334,0.3533333333333334
no_error,1,17.4,0.9016190254819245,0.8905901628887178,0.7890874401552935,"[20.70, 32.09]",158,0.09838097451807548,0.35999999999999993,0.35999999999999993
no_error,1,17.5,0.9022569736128728,0.891342015549864,0.7910627371006324,"[20.70, 32.09]",158,0.09774302638712717,0.36666666666666664,0.36666666666666664
no_error,1,17.6,0.9029249525509447,0.892158922993841,0.7930806095631217,"[20.70, 32.09]",158,0.09707504744905526,0.3733333333333334,0.3733333333333334
no_error,1,17.7,0.9036257379475048,0.8930443993790171,0.7951457890724519,"[20.70, 32.09]",158,0.09637426205249522,0.37999999999999995,0.37999999999999995
no_error,1,17.8,0.9043619491134667,0.8940017018444789,0.7972627645814746,"[20.70, 32.09]",158,0.09563805088653332,0.3866666666666667,0.3866666666666667
no_error,1,17.9,0.9051360287256223,0.8950337978907857,0.799435753097149,"[20.70, 32.09]",158,0.09486397127437773,0.39333333333333326,0.39333333333333326
no_error,1,18.0,0.9059502291192146,0.8961433408228939,0.8016686830181311,"[20.70, 32.09]",158,0.09404977088078537,0.4,0.4
no_error,1,18.1,0.9068065951865623,0.8973326389933649,0.8039651710706068,"[20.70, 32.09]",158,0.09319340481343774,0.4066666666666668,0.4066666666666668
no_error,1,18.2,0.9077069088439751,0.8986035015142207,0.8063284534201415,"[20.70, 32.09]",158,0.09229309115602491,0.4133333333333333,0.4133333333333333
no_error,1,18.3,0.9086521533194701,0.8999553300085692,0.8087607974219997,"[20.70, 32.09]",158,0.09134784668052987,0.42000000000000004,0.42000000000000004
no_error,1,18.4,0.9096426270087761,0.9013855377087029,0.8112636118851563,"[20.70, 32.09]",158,0.09035737299122393,0.4266666666666666,0.4266666666666666
no_error,1,18.5,0.9106784047609592,0.9028912195115243,0.813837940328436,"[20.70, 32.09]",158,0.08932159523904082,0.43333333333333335,0.43333333333333335
no_error,1,18.6,0.9117594352444647,0.9044693009871512,0.8164846046722088,"[20.70, 32.09]",158,0.08824056475553532,0.4400000000000001,0.4400000000000001
no_error,1,18.7,0.9128854972486382,0.9061164972938645,0.8192041273408466,"[20.70, 32.09]",158,0.08711450275136179,0.4466666666666666,0.4466666666666666
no_error,1,18.8,0.9140561371724936,0.9078292605819979,0.8219966193222841,"[20.70, 32.09]",158,0.08594386282750643,0.45333333333333337,0.45333333333333337
no_error,1,18.9,0.9152706637586911,0.909603780510542,0.8248617673858698,"[20.70, 32.09]",158,0.08472933624130885,0.4599999999999999,0.4599999999999999
no_error,1,19.0,0.916528156448724,0.9114360079008257,0.8277988361471103,"[20.70, 32.09]",158,0.08347184355127601,0.4666666666666667,0.4666666666666667
no_error,1,19.1,0.9178274667099243,0.913321668532674,0.8308066625523245,"[20.70, 32.09]",158,0.08217253329007568,0.47333333333333344,0.47333333333333344
no_error,1,19.2,0.9191672140023379,0.91525626976714,0.8338836409054982,"[20.70, 32.09]",158,0.08083278599766208,0.4799999999999999,0.4799999999999999
no_error,1,19.3,0.9205457992623768,0.9172351318567301,0.8370277366539086,"[20.70, 32.09]",158,0.07945420073762322,0.4866666666666667,0.4866666666666667
no_error,1,19.4,0.9219614150133667,0.91925340928435,0.8402364938080963,"[20.70, 32.09]",158,0.0780385849866333,0.49333333333333323,0.49333333333333323
no_error,1,19.5,0.9234120460726474,0.9212508662985801,0.8435070275456678,"[20.70, 32.09]",158,0.07658795392735263,0.5,0.5
no_error,1,19.6,0.924895484096483,0.9225076461345373,0.846836040394042,"[20.70, 32.09]",158,0.07510451590351697,0.5066666666666667,0.5066666666666667
no_error,1,19.7,0.9264093461709637,0.9244078868562468,0.850219844729806,"[20.70, 32.09]",158,0.07359065382903629,0.5133333333333333,0.5133333333333333
no_error,1,19.8,0.9279510833726659,0.9257594804061938,0.8536543682689388,"[20.70, 32.09]",158,0.07204891662733415,0.52,0.52
no_error,1,19.9,0.9295179935789162,0.926678416114729,0.8571351725113201,"[20.70, 32.09]",158,0.07048200642108382,0.5266666666666666,0.5266666666666666
no_error,1,20.0,0.931107246671527,0.9276330808637414,0.8606574848965622,"[20.70, 32.09]",158,0.068892753328473,0.5333333333333333,0.5333333333333333
no_error,1,20.1,0.9327159010664751,0.9286232808046986,0.8642162258429951,"[20.70, 32.09]",158,0.06728409893352494,0.5400000000000001,0.5400000000000001
no_error,1,20.2,0.9343409152824069,0.9298998432211039,0.8678060200650437,"[20.70, 32.09]",158,0.06565908471759307,0.5466666666666666,0.5466666666666666
no_error,1,20.3,0.9359791757293158,0.930969552479428,0.8714212468539815,"[20.70, 32.09]",158,0.06402082427068423,0.5533333333333333,0.5533333333333333
no_error,1,20.4,0.9376275186500473,0.9320724132935139,0.8750560714801192,"[20.70, 32.09]",158,0.06237248134995266,0.5599999999999999,0.5599999999999999
no_error,1,20.5,0.9392827434717748,0.9332073017366588,0.87870447106358,"[20.70, 32.09]",158,0.06071725652822524,0.5666666666666667,0.5666666666666667
no_error,1,20.6,0.940941637288093,0.9343728986141334,0.8823602802154072,"[20.70, 32.09]",158,0.05905836271190701,0.5733333333333335,0.5733333333333335
no_error,1,20.7,0.9426009999466255,0.9355677055189893,0.8860172325111779,"[20.70, 32.09]",158,0.057399000053374505,0.58,0.58
no_error,1,20.8,0.9442576599468241,0.9367900530011227,0.8896690009187791,"[20.70, 32.09]",158,0.05574234005317591,0.5866666666666667,0.5866666666666667
no_error,1,20.9,0.9459084922876724,0.9380381121508037,0.893309230507629,"[20.70, 32.09]",158,0.054091507712327624,0.5933333333333333,0.5933333333333333
no_error,1,21.0,0.9475504439166089,0.9393099168655437,0.8969315922756701,"[20.70, 32.09]",158,0.05244955608339108,0.6,0.6
no_error,1,21.1,0.9491805494915436,0.9406033764752235,0.9005298232492444,"[20.70, 32.09]",158,0.050819450508456376,0.6066666666666668,0.6066666666666668
no_error,1,21.2,0.9507959442932042,0.9419162889102771,0.9040977578937892,"[20.70, 32.09]",158,0.04920405570679576,0.6133333333333333,0.6133333333333333
no_error,1,21.3,0.9523938845228007,0.9432463620924638,0.9076293790797476,"[20.70, 32.09]",158,0.047606115477199284,0.62,0.62
no_error,1,21.4,0.9539717618219348,0.9445912307243743,0.9111188555661812,"[20.70, 32.09]",158,0.04602823817806523,0.6266666666666666,0.6266666666666666
no_error,1,21.5,0.9555271115968167,0.9459484717041716,0.9145605733203472,"[20.70, 32.09]",158,0.04447288840318331,0.6333333333333333,0.6333333333333333
no_error,1,21.6,0.9570576259231486,0.9473156218167879,0.9179491728467774,"[20.70, 32.09]",158,0.04294237407685142,0.6400000000000001,0.6400000000000001
no_error,1,21.7,0.9585611644710482,0.9486901989205594,0.9212795842442024,"[20.70, 32.09]",158,0.04143883552895178,0.6466666666666666,0.6466666666666666
no_error,1,21.8,0.9600357588829908,0.9500697141337018,0.9245470513839368,"[20.70, 32.09]",158,0.03996424111700925,0.6533333333333334,0.6533333333333334
no_error,1,21.9,0.9614796179713235,0.9514516894865717,0.9277471566432436,"[20.70, 32.09]",158,0.03852038202867647,0.6599999999999999,0.6599999999999999
no_error,1,22.0,0.9628912355486849,0.9528335299547744,0.9308759243569994,"[20.70, 32.09]",158,0.03710876445131506,0.6666666666666666,0.6666666666666666
no_error,1,22.1,0.9642695904771706,0.9542122335664583,0.9339299886042725,"[20.70, 32.09]",158,0.035730409522829354,0.6733333333333335,0.6733333333333335
no_error,1,22.2,0.965613842300695,0.9555848207031984,0.9369063789953432,"[20.70, 32.09]",158,0.034386157699304976,0.6799999999999999,0.6799999999999999
no_error,1,22.3,0.966923265505673,0.9569484510896741,0.9398024803817936,"[20.70, 32.09]",158,0.03307673449432702,0.6866666666666668,0.6866666666666668
no_error,1,22.4,0.9681972560443595,0.9583004393936102,0.9426160462208916,"[20.70, 32.09]",158,0.03180274395564053,0.6933333333333332,0.6933333333333332
no_error,1,22.5,0.9694353385740564,0.9596382728348878,0.9453452139786694,"[20.70, 32.09]",158,0.030564661425943607,0.7,0.7
no_error,1,22.6,0.9706371615589028,0.9609596146449355,0.9479884928313072,"[20.70, 32.09]",158,0.029362838441097217,0.7066666666666668,0.7066666666666668
no_error,1,22.7,0.9718024916185122,0.9622623039696958,0.9505447557195222,"[20.70, 32.09]",158,0.028197508381487824,0.7133333333333333,0.7133333333333333
no_error,1,22.8,0.9729312083718268,0.9635443567341875,0.9530132273642704,"[20.70, 32.09]",158,0.027068791628173217,0.7200000000000001,0.7200000000000001
no_error,1,22.9,0.974023301980415,0.9648039694596501,0.9553934749508122,"[20.70, 32.09]",158,0.02597669801958502,0.7266666666666666,0.7266666666666666
no_error,1,23.0,0.9750788690069391,0.9660395200929675,0.9576853963293284,"[20.70, 32.09]",158,0.024921130993060925,0.7333333333333333,0.7333333333333333
no_error,1,23.1,0.9760981077620341,0.9672495680562282,0.959889206097829,"[20.70, 32.09]",158,0.023901892237965905,0.7400000000000001,0.7400000000000001
no_error,1,23.2,0.9770813140720155,0.968432853327868,0.9620054192123866,"[20.70, 32.09]",158,0.022918685927984517,0.7466666666666666,0.7466666666666666
no_error,1,23.3,0.9780288751100481,0.9695882933264018,0.9640348344022004,"[20.70, 32.09]",158,0.0219711248899519,0.7533333333333334,0.7533333333333334
no_error,1,23.4,0.9789412625864348,0.9707149776432077,0.9659785110052204,"[20.70, 32.09]",158,0.02105873741356523,0.7599999999999999,0.7599999999999999
no_error,1,23.5,0.9798190275069953,0.971812164162382,0.967837751618658,"[20.70, 32.09]",158,0.020180972493004656,0.7666666666666667,0.7666666666666667
no_error,1,23.6,0.9806627931612173,0.9728792729663371,0.9696140801227524,"[20.70, 32.09]",158,0.019337206838782706,0.7733333333333334,0.7733333333333334
no_error,1,23.7,0.9814732471730757,0.9739158775176595,0.9713092171283996,"[20.70, 32.09]",158,0.018526752826924286,0.7799999999999999,0.7799999999999999
no_error,1,23.8,0.9822511353158614,0.9749216976767485,0.9727259804233092,"[20.70, 32.09]",158,0.01774886468413861,0.7866666666666667,0.7866666666666667
no_error,1,23.9,0.9829972554557896,0.9758965921607712,0.9737754823823904,"[20.70, 32.09]",158,0.017002744544210358,0.7933333333333332,0.7933333333333332
no_error,1,24.0,0.9837124489488497,0.9768405479527661,0.9747936276214614,"[20.70, 32.09]",158,0.016287551051150317,0.8,0.8
no_error,1,24.1,0.9843975942080639,0.9777536707208027,0.975780330424381,"[20.70, 32.09]",158,0.015602405791936058,0.8066666666666668,0.8066666666666668
no_error,1,24.2,0.9850536018512608,0.9786840792605,0.9767356342968876,"[20.70, 32.09]",158,0.014946398148739215,0.8133333333333332,0.8133333333333332
no_error,1,24.3,0.9856814068782132,0.9795838926465054,0.9776597010794204,"[20.70, 32.09]",158,0.014318593121786849,0.8200000000000001,0.8200000000000001
no_error,1,24.4,0.9862819622007241,0.980402594594078,0.9785527996921266,"[20.70, 32.09]",158,0.01371803779927594,0.8266666666666665,0.8266666666666665
no_error,1,24.5,0.9868562348317489,0.9811919499445254,0.9794152973484356,"[20.70, 32.09]",158,0.01314376516825111,0.8333333333333334,0.8333333333333334
no_error,1,24.6,0.9874051998702185,0.9819525265429008,0.9802476502078604,"[20.70, 32.09]",158,0.012594800129781536,0.8400000000000001,0.8400000000000001
no_error,1,24.7,0.9879298344965499,0.9826849532948922,0.9810503908603998,"[20.70, 32.09]",158,0.012070165503450081,0.8466666666666666,0.8466666666666666
no_error,1,24.8,0.9884311145431456,0.983389912348628,0.981824120076479,"[20.70, 32.09]",158,0.011568885456854416,0.8533333333333334,0.8533333333333334
no_error,1,24.9,0.9889100110668929,0.9840681325874011,0.9825694992843694,"[20.70, 32.09]",158,0.011089988933107087,0.8599999999999999,0.8599999999999999
no_error,1,25.0,0.9893674848651545,0.9847203785812607,0.983287238011469,"[20.70, 32.09]",158,0.010632515134845533,0.8666666666666667,0.8666666666666667
no_error,2,10.0,0.6663338576517797,0.6227973402038105,0.5995641059314027,"(32.09, 35.22]",79,0.33366614234822034,0.0,0.33366614234822034
no_error,2,10.1,0.6722165771844422,0.6293864773542458,0.6064473209557087,"(32.09, 35.22]",79,0.32778342281555783,0.0,0.32778342281555783
no_error,2,10.2,0.6780607575600192,0.6359418928276077,0.6133018419907277,"(32.09, 35.22]",79,0.32193924243998084,0.0,0.32193924243998084
no_error,2,10.3,0.6838650624322353,0.6424617345313789,0.6201255574376163,"(32.09, 35.22]",79,0.3161349375677647,0.0,0.3161349375677647
no_error,2,10.4,0.6896281834199692,0.6489441807671975,0.6269163855936346,"(32.09, 35.22]",79,0.31037181658003077,0.0,0.31037181658003077
no_error,2,10.5,0.6953488416278922,0.6553874412030789,0.6336722717385133,"(32.09, 35.22]",79,0.30465115837210777,0.0,0.30465115837210777
no_error,2,10.6,0.7010257878447597,0.6617897549410421,0.6403911913686882,"(32.09, 35.22]",79,0.29897421215524034,0.0,0.29897421215524034
no_error,2,10.7,0.706657803580537,0.6681493946220931,0.6470711483127454,"(32.09, 35.22]",79,0.293342196419463,0.0,0.293342196419463
no_error,2,10.8,0.7122437024097117,0.6744646707077298,0.6537101833233444,"(32.09, 35.22]",79,0.2877562975902883,0.0,0.2877562975902883
no_error,2,10.9,0.71778233024407,0.6807339274382417,0.6603063723576467,"(32.09, 35.22]",79,0.28221766975593,0.0,0.28221766975593
no_error,2,11.0,0.7232725664484618,0.6869555473515055,0.6668578266986733,"(32.09, 35.22]",79,0.27672743355153817,0.0,0.27672743355153817
no_error,2,11.1,0.7287131141430839,0.6931276172830613,0.6733623109292847,"(32.09, 35.22]",79,0.27128688585691607,0.0,0.27128688585691607
no_error,2,11.2,0.7341018625847485,0.6992469228523778,0.6798160866985965,"(32.09, 35.22]",79,0.2658981374152515,0.0,0.2658981374152515
no_error,2,11.3,0.7394361694865049,0.7053095930337777,0.6862147030871961,"(32.09, 35.22]",79,0.2605638305134951,0.0,0.2605638305134951
no_error,2,11.4,0.7447130044944635,0.711311368012352,0.6925533090670548,"(32.09, 35.22]",79,0.25528699550553646,0.0,0.25528699550553646
no_error,2,11.5,0.749928999703375,0.7172476554728701,0.69882671200984,"(32.09, 35.22]",79,0.250071000296625,0.0,0.250071000296625
no_error,2,11.6,0.7550805425873124,0.7231136255194842,0.7050294784287103,"(32.09, 35.22]",79,0.2449194574126876,0.0,0.2449194574126876
no_error,2,11.7,0.7601638572307519,0.7289043009148785,0.7111560254942094,"(32.09, 35.22]",79,0.23983614276924814,0.0,0.23983614276924814
no_error,2,11.8,0.7651750535331425,0.7346146115623855,0.7172006743662893,"(32.09, 35.22]",79,0.23482494646685748,0.0,0.23482494646685748
no_error,2,11.9,0.7701101895985758,0.7402394590019507,0.7231577234943751,"(32.09, 35.22]",79,0.2298898104014242,0.0,0.2298898104014242
no_error,2,12.0,0.7749653427484606,0.7457737969277533,0.7290215291466078,"(32.09, 35.22]",79,0.22503465725153937,0.0,0.22503465725153937
no_error,2,12.1,0.779736652723986,0.7512126778219144,0.7347865536334135,"(32.09, 35.22]",79,0.22026334727601404,0.006666666666666643,0.22026334727601404
no_error,2,12.2,0.7844203646125097,0.7565512995041738,0.7404474183535407,"(32.09, 35.22]",79,0.21557963538749025,0.013333333333333286,0.21557963538749025
no_error,2,12.3,0.7890128804349777,0.7617850627298995,0.745998961858443,"(32.09, 35.22]",79,0.21098711956502225,0.02000000000000005,0.21098711956502225
no_error,2,12.4,0.793510791848481,0.7669096072210801,0.7514362784675355,"(32.09, 35.22]",79,0.20648920815151905,0.02666666666666669,0.20648920815151905
no_error,2,12.5,0.7979109100924011,0.7719208440901288,0.7567547535276404,"(32.09, 35.22]",79,0.20208908990759888,0.03333333333333333,0.20208908990759888
no_error,2,12.6,0.80221029760102,0.7768149901318911,0.7619501009741013,"(32.09, 35.22]",79,0.19778970239897997,0.03999999999999997,0.19778970239897997
no_error,2,12.7,0.8064062869874077,0.7815885906493795,0.7670183854724824,"(32.09, 35.22]",79,0.19359371301259232,0.04666666666666662,0.19359371301259232
no_error,2,12.8,0.8104964983548997,0.7862385344560961,0.7719560422129247,"(32.09, 35.22]",79,0.18950350164510033,0.05333333333333338,0.18950350164510033
no_error,2,12.9,0.8144788576073573,0.7907620769937153,0.776759899072865,"(32.09, 35.22]",79,0.18552114239264272,0.060000000000000026,0.18552114239264272
no_error,2,13.0,0.8183516005390798,0.7951568411054196,0.7814271783097583,"(32.09, 35.22]",79,0.18164839946092015,0.06666666666666667,0.18164839946092015
no_error,2,13.1,0.8221132762657796,0.7994208217700658,0.7859555045935076,"(32.09, 35.22]",79,0.17788672373422043,0.0733333333333333,0.17788672373422043
no_error,2,13.2,0.8257627586479589,0.8035523968670806,0.7903429115168379,"(32.09, 35.22]",79,0.1742372413520411,0.07999999999999995,0.1742372413520411
no_error,2,13.3,0.8292992378830389,0.8075503149367727,0.794587833473265,"(32.09, 35.22]",79,0.17070076211696106,0.08666666666666671,0.17070076211696106
no_error,2,13.4,0.8327222123083812,0.811413686409734,0.7986890959484508,"(32.09, 35.22]",79,0.16727778769161883,0.09333333333333335,0.16727778769161883
no_error,2,13.5,0.8360314916387446,0.8151419854500712,0.8026459126092551,"(32.09, 35.22]",79,0.16396850836125543,0.1,0.16396850836125543
no_error,2,13.6,0.839227186575247,0.8187350330134905,0.8064578761696903,"(32.09, 35.22]",79,0.16077281342475302,0.10666666666666665,0.16077281342475302
no_error,2,13.7,0.8423096883083121,0.8221929781244748,0.8101249282580893,"(32.09, 35.22]",79,0.1576903116916879,0.11333333333333329,0.1576903116916879
no_error,2,13.8,0.8452796644390866,0.8255162854259709,0.8136473529288684,"(32.09, 35.22]",79,0.15472033556091336,0.12000000000000005,0.15472033556091336
no_error,2,13.9,0.8481380520494625,0.8287057287301132,0.817025766725797,"(32.09, 35.22]",79,0.15186194795053753,0.12666666666666668,0.15186194795053753
no_error,2,14.0,0.8508860303104722,0.831762356940388,0.8202610842904307,"(32.09, 35.22]",79,0.14911396968952784,0.13333333333333333,0.14911396968952784
no_error,2,14.1,0.853525007926395,0.8346874791967679,0.8233544977557687,"(32.09, 35.22]",79,0.14647499207360504,0.13999999999999999,0.14647499207360504
no_error,2,14.2,0.85605662179335,0.8374826599455775,0.8263074754245118,"(32.09, 35.22]",79,0.14394337820665004,0.1466666666666666,0.1466666666666666
no_error,2,14.3,0.8584827087149675,0.8401496871238971,0.8291217241189216,"(32.09, 35.22]",79,0.14151729128503254,0.15333333333333338,0.15333333333333338
no_error,2,14.4,0.8608052874933941,0.8426905483001789,0.8317991662111285,"(32.09, 35.22]",79,0.13919471250660587,0.16000000000000003,0.16000000000000003
no_error,2,14.5,0.863026557521975,0.845107429788393,0.8343419341920858,"(32.09, 35.22]",79,0.136973442478025,0.16666666666666666,0.16666666666666666
no_error,2,14.6,0.8651488603789276,0.8474027339813781,0.8367524191849824,"(32.09, 35.22]",79,0.13485113962107242,0.1733333333333333,0.1733333333333333
no_error,2,14.7,0.8671744388850103,0.8495795472108281,0.8390340678385667,"(32.09, 35.22]",79,0.13282556111498967,0.17999999999999997,0.17999999999999997
no_error,2,14.8,0.8691055199840373,0.8516414459409348,0.8411910607670697,"(32.09, 35.22]",79,0.1308944800159627,0.1866666666666667,0.1866666666666667
no_error,2,14.9,0.8709444713933865,0.853592112878421,0.8432276776730105,"(32.09, 35.22]",79,0.1290555286066135,0.19333333333333336,0.19333333333333336
no_error,2,15.0,0.8726937782018962,0.8554353061438921,0.8451482640431727,"(32.09, 35.22]",79,0.1273062217981038,0.2,0.2
no_error,2,15.1,0.8743560341519588,0.8571748546891887,0.846957224825625,"(32.09, 35.22]",79,0.12564396584804116,0.20666666666666664,0.20666666666666664
no_error,2,15.2,0.8759339413275508,0.8588146634938344,0.8486590311083283,"(32.09, 35.22]",79,0.12406605867244924,0.2133333333333333,0.2133333333333333
no_error,2,15.3,0.8774302869683699,0.8603586884021127,0.8502581996569614,"(32.09, 35.22]",79,0.12256971303163011,0.22000000000000006,0.22000000000000006
no_error,2,15.4,0.8788479316941498,0.8618109334188606,0.8517592871656381,"(32.09, 35.22]",79,0.12115206830585024,0.22666666666666668,0.22666666666666668
no_error,2,15.5,0.8801898114794304,0.863175452156824,0.8531668972364399,"(32.09, 35.22]",79,0.11981018852056957,0.23333333333333334,0.23333333333333334
no_error,2,15.6,0.881458923396207,0.8644563410942132,0.854485670076807,"(32.09, 35.22]",79,0.11854107660379298,0.23999999999999996,0.23999999999999996
no_error,2,15.7,0.8826583112380593,0.8656577235953,0.8557202712301281,"(32.09, 35.22]",79,0.11734168876194073,0.24666666666666662,0.24666666666666662
no_error,2,15.8,0.8837910655886341,0.8667837561376062,0.8568753985930775,"(32.09, 35.22]",79,0.11620893441136593,0.25333333333333335,0.25333333333333335
no_error,2,15.9,0.8848603189332679,0.8678386278800193,0.8579557789998185,"(32.09, 35.22]",79,0.11513968106673211,0.26,0.26
no_error,2,16.0,0.8858692303912162,0.8688265439596767,0.8589661606735489,"(32.09, 35.22]",79,0.11413076960878377,0.26666666666666666,0.26666666666666666
no_error,2,16.1,0.8868209827742878,0.8697517295898587,0.859911306100858,"(32.09, 35.22]",79,0.11317901722571222,0.27333333333333343,0.27333333333333343
no_error,2,16.2,0.8877187827155166,0.8706184283889348,0.8607960039335253,"(32.09, 35.22]",79,0.11228121728448337,0.27999999999999997,0.27999999999999997
no_error,2,16.3,0.8885658474249778,0.8714308946184216,0.8616250517542634,"(32.09, 35.22]",79,0.1114341525750222,0.28666666666666674,0.28666666666666674
no_error,2,16.4,0.889365399151516,0.8721933864729225,0.8624032548766241,"(32.09, 35.22]",79,0.11063460084848398,0.2933333333333332,0.2933333333333332
no_error,2,16.5,0.8901206651828801,0.8729101710325489,0.8631354291213513,"(32.09, 35.22]",79,0.10987933481711987,0.3,0.3
no_error,2,16.6,0.8908348688754546,0.8735855119174556,0.8638263892358831,"(32.09, 35.22]",79,0.1091651311245454,0.30666666666666675,0.30666666666666675
no_error,2,16.7,0.8915112213264196,0.8742236644482293,0.8644809451112044,"(32.09, 35.22]",79,0.10848877867358042,0.3133333333333333,0.3133333333333333
no_error,2,16.8,0.8921529198655267,0.8748288742715403,0.8651038974684623,"(32.09, 35.22]",79,0.1078470801344733,0.32000000000000006,0.32000000000000006
no_error,2,16.9,0.8927631407833619,0.8754053689711798,0.865700030555279,"(32.09, 35.22]",79,0.10723685921663806,0.32666666666666655,0.32666666666666655
no_error,2,17.0,0.8933450312086256,0.8759573504993379,0.8662741047870987,"(32.09, 35.22]",79,0.10665496879137437,0.3333333333333333,0.3333333333333333
no_error,2,17.1,0.8939017042657875,0.8764889895950067,0.866830846019928,"(32.09, 35.22]",79,0.10609829573421248,0.3400000000000001,0.3400000000000001
no_error,2,17.2,0.8944362323170819,0.877004415288804,0.8673749401276163,"(32.09, 35.22]",79,0.10556376768291809,0.3466666666666666,0.3466666666666666
no_error,2,17.3,0.8949516385510922,0.8775077095550794,0.8679110216630374,"(32.09, 35.22]",79,0.10504836144890783,0.3533333333333334,0.3533333333333334
no_error,2,17.4,0.8954508913179597,0.878002894582432,0.8684436617758102,"(32.09, 35.22]",79,0.10454910868204026,0.35999999999999993,0.35999999999999993
no_error,2,17.5,0.8959368955282876,0.878493927013814,0.8689773598468895,"(32.09, 35.22]",79,0.10406310447171241,0.36666666666666664,0.36666666666666664
no_error,2,17.6,0.8964124836770877,0.8789846817565076,0.8695165258634119,"(32.09, 35.22]",79,0.1035875163229123,0.3733333333333334,0.3733333333333334
no_error,2,17.7,0.8968804104367574,0.8794789475454424,0.8700654752758558,"(32.09, 35.22]",79,0.10311958956324263,0.37999999999999995,0.37999999999999995
no_error,2,17.8,0.8973433431476054,0.8799804112952271,0.8706284093301392,"(32.09, 35.22]",79,0.10265665685239456,0.3866666666666667,0.3866666666666667
no_error,2,17.9,0.8978038508821224,0.8804926459633675,0.8712094034032187,"(32.09, 35.22]",79,0.10219614911787755,0.39333333333333326,0.39333333333333326
no_error,2,18.0,0.8982643995640358,0.8810191008243806,0.8718123919639704,"(32.09, 35.22]",79,0.10173560043596419,0.4,0.4
no_error,2,18.1,0.8987273443232566,0.881563091976207,0.8724411580142374,"(32.09, 35.22]",79,0.10127265567674337,0.4066666666666668,0.4066666666666668
no_error,2,18.2,0.8991949759771308,0.8821278073276867,0.8730993188386293,"(32.09, 35.22]",79,0.10080502402286917,0.4133333333333333,0.4133333333333333
no_error,2,18.3,0.8996704775357608,0.8827167220419618,0.8737904407714144,"(32.09, 35.22]",79,0.10032952246423921,0.42000000000000004,0.42000000000000004
no_error,2,18.4,0.900157727528951,0.8833335048740588,0.874518002555216,"(32.09, 35.22]",79,0.09984227247104904,0.4266666666666666,0.4266666666666666
no_error,2,18.5,0.9006604647541984,0.8839816437573588,0.8752852766127045,"(32.09, 35.22]",79,0.09933953524580164,0.43333333333333335,0.43333333333333335
no_error,2,18.6,0.901182348167586,0.8846645326963656,0.876095426843034,"(32.09, 35.22]",79,0.09881765183241398,0.4400000000000001,0.4400000000000001
no_error,2,18.7,0.901726905778469,0.8853854062851919,0.8769514421087107,"(32.09, 35.22]",79,0.09827309422153097,0.4466666666666666,0.4466666666666666
no_error,2,18.8,0.9022974610520299,0.8861472607521902,0.8778560496183516,"(32.09, 35.22]",79,0.0977025389479701,0.45333333333333337,0.45333333333333337
no_error,2,18.9,0.9028971174456887,0.8869528320947588,0.8788116961499408,"(32.09, 35.22]",79,0.09710288255431132,0.4599999999999999,0.4599999999999999
no_error,2,19.0,0.9035287574421172,0.887804596324392,0.8798205431056388,"(32.09, 35.22]",79,0.09647124255788275,0.4666666666666667,0.4666666666666667
no_error,2,19.1,0.9041950315151167,0.8887047546411241,0.8808844576404435,"(32.09, 35.22]",79,0.09580496848488329,0.47333333333333344,0.47333333333333344
no_error,2,19.2,0.9048983403430532,0.8896552173501833,0.8820049923465174,"(32.09, 35.22]",79,0.09510165965694684,0.4799999999999999,0.4799999999999999
no_error,2,19.3,0.9056408348196017,0.8906576011844791,0.8831833839444491,"(32.09, 35.22]",79,0.09435916518039833,0.4866666666666667,0.4866666666666667
no_error,2,19.4,0.9064244109022569,0.891713224912907,0.8844205523064438,"(32.09, 35.22]",79,0.0935755890977431,0.49333333333333323,0.49333333333333323
no_error,2,19.5,0.9072506937445515,0.8928230963836139,0.8857170835091807,"(32.09, 35.22]",79,0.09274930625544853,0.5,0.5
no_error,2,19.6,0.9081210354570239,0.893987906984442,0.887073231188445,"(32.09, 35.22]",79,0.09187896454297606,0.5066666666666667,0.5066666666666667
no_error,2,19.7,0.9090365181694263,0.8952080422567052,0.888488922728615,"(32.09, 35.22]",79,0.09096348183057368,0.5133333333333333,0.5133333333333333
no_error,2,19.8,0.9099979438953888,0.8964835674247011,0.8899637520354596,"(32.09, 35.22]",79,0.0900020561046112,0.52,0.52
no_error,2,19.9,0.9110058299512914,0.8978142295183755,0.8914969795796733,"(32.09, 35.22]",79,0.08899417004870858,0.5266666666666666,0.5266666666666666
no_error,2,20.0,0.9120604184945073,0.8991994699192791,0.8930875458774308,"(32.09, 35.22]",79,0.08793958150549275,0.5333333333333333,0.5333333333333333
no_error,2,20.1,0.9131616760711014,0.9006384239590802,0.8947340792697499,"(32.09, 35.22]",79,0.08683832392889856,0.5400000000000001,0.5400000000000001
no_error,2,20.2,0.9143092880493008,0.9021299214077632,0.8964348926245043,"(32.09, 35.22]",79,0.08569071195069922,0.5466666666666666,0.5466666666666666
no_error,2,20.3,0.9155026726997576,0.9036725038326627,0.8981880041479818,"(32.09, 35.22]",79,0.0844973273002424,0.5533333333333333,0.5533333333333333
no_error,2,20.4,0.9167409899438158,0.9052644382794136,0.8999911560308609,"(32.09, 35.22]",79,0.08325901005618419,0.5599999999999999,0.5599999999999999
no_error,2,20.5,0.9180231401540764,0.9069037178472255,0.9018418155224536,"(32.09, 35.22]",79,0.08197685984592362,0.5666666666666667,0.5666666666666667
no_error,2,20.6,0.9193477785746472,0.908588083045366,0.9037371996577224,"(32.09, 35.22]",79,0.08065222142535278,0.5733333333333335,0.5733333333333335
no_error,2,20.7,0.9207133320322183,0.9103150430924786,0.9056742982112848,"(32.09, 35.22]",79,0.07928666796778172,0.58,0.58
no_error,2,20.8,0.9221180060077707,0.9120818859340254,0.9076498899931892,"(32.09, 35.22]",79,0.07788199399222928,0.5866666666666667,0.5866666666666667
no_error,2,20.9,0.9235597965075993,0.9138856964010084,0.909660557136626,"(32.09, 35.22]",79,0.07644020349240066,0.5933333333333333,0.5933333333333333
no_error,2,21.0,0.9250365136981095,0.9157233844089236,0.9117027232975298,"(32.09, 35.22]",79,0.07496348630189054,0.6,0.6
no_error,2,21.1,0.9265457959165637,0.9175917044034162,0.9137726693174842,"(32.09, 35.22]",79,0.07345420408343628,0.6066666666666668,0.6066666666666668
no_error,2,21.2,0.9280851214185255,0.9194872701919836,0.9158665555320488,"(32.09, 35.22]",79,0.0719148785814745,0.6133333333333333,0.6133333333333333
no_error,2,21.3,0.929651834027449,0.9214065859842974,0.9179804517678124,"(32.09, 35.22]",79,0.070348165972551,0.62,0.62
no_error,2,21.4,0.9312431626575784,0.9233460717622904,0.9201103670316336,"(32.09, 35.22]",79,0.06875683734242155,0.6266666666666666,0.6266666666666666
no_error,2,21.5,0.932856235280804,0.9253020789878483,0.9222522670997004,"(32.09, 35.22]",79,0.06714376471919603,0.6333333333333333,0.6333333333333333
no_error,2,21.6,0.9344881023502897,0.9272709199405827,0.9244021033597608,"(32.09, 35.22]",79,0.06551189764971033,0.6400000000000001,0.6400000000000001
no_error,2,21.7,0.9361357593567793,0.9292488926473875,0.9265558436388256,"(32.09, 35.22]",79,0.06386424064322072,0.6466666666666666,0.6466666666666666
no_error,2,21.8,0.9377961633722546,0.9312323019399092,0.9287094905251176,"(32.09, 35.22]",79,0.062203836627745424,0.6533333333333334,0.6533333333333334
no_error,2,21.9,0.9394662524864007,0.9332174806476465,0.930859108051298,"(32.09, 35.22]",79,0.0605337475135993,0.6599999999999999,0.6599999999999999
no_error,2,22.0,0.9411427519922383,0.9352006603720487,0.9330007253239074,"(32.09, 35.22]",79,0.05885724800776171,0.6666666666666666,0.6666666666666666
no_error,2,22.1,0.9428217418372251,0.937177669799093,0.9351301161155956,"(32.09, 35.22]",79,0.057178258162774886,0.6733333333333335,0.6733333333333335
no_error,2,22.2,0.9444992859843466,0.9391443949433116,0.9372431531563068,"(32.09, 35.22]",79,0.055500714015653374,0.6799999999999999,0.6799999999999999
no_error,2,22.3,0.9461716011966422,0.9410969054090537,0.9393359126055773,"(32.09, 35.22]",79,0.05382839880335777,0.6866666666666668,0.6866666666666668
no_error,2,22.4,0.9478350798103886,0.943031480734139,0.941404696517078,"(32.09, 35.22]",79,0.052164920189611386,0.6933333333333332,0.6933333333333332
no_error,2,22.5,0.9494863137136867,0.9449446301704069,0.9434460563899756,"(32.09, 35.22]",79,0.05051368628631325,0.7,0.7
no_error,2,22.6,0.9511220997653659,0.9468331020126574,0.9454567968756902,"(32.09, 35.22]",79,0.04887790023463412,0.7066666666666668,0.7066666666666668
no_error,2,22.7,0.9527394439264698,0.9486938822370039,0.9474339777126924,"(32.09, 35.22]",79,0.04726055607353019,0.7133333333333333,0.7133333333333333
no_error,2,22.8,0.9543355645563457,0.9505241990211697,0.949374915259359,"(32.09, 35.22]",79,0.04566443544365428,0.7200000000000001,0.7200000000000001
no_error,2,22.9,0.9559078992745997,0.952321527055398,0.951277185717572,"(32.09, 35.22]",79,0.04409210072540026,0.7266666666666666,0.7266666666666666
no_error,2,23.0,0.9574541091782932,0.954083591456256,0.9531386297117116,"(32.09, 35.22]",79,0.04254589082170679,0.7333333333333333,0.7333333333333333
no_error,2,23.1,0.9589720799773037,0.9558083676040879,0.9549573473121458,"(32.09, 35.22]",79,0.041027920022696285,0.7400000000000001,0.7400000000000001
no_error,2,23.2,0.9604599244497052,0.9574940810206936,0.9567317020661912,"(32.09, 35.22]",79,0.03954007555029482,0.7466666666666666,0.7466666666666666
no_error,2,23.3,0.9619159797016107,0.9591392038907604,0.9584603120158048,"(32.09, 35.22]",79,0.03808402029838931,0.7533333333333334,0.7533333333333334
no_error,2,23.4,0.9633388030875918,0.960742448717425,0.9601420438985354,"(32.09, 35.22]",79,0.03666119691240821,0.7599999999999999,0.7599999999999999
no_error,2,23.5,0.9647271692336148,0.9623027640333138,0.9617760077001432,"(32.09, 35.22]",79,0.03527283076638521,0.7666666666666667,0.7666666666666667
no_error,2,23.6,0.9660800634037577,0.9638193256609433,0.9633615463036564,"(32.09, 35.22]",79,0.03391993659624226,0.7733333333333334,0.7733333333333334
no_error,2,23.7,0.9673966722654439,0.9652915250269726,0.9648982231725698,"(32.09, 35.22]",79,0.0326033277345561,0.7799999999999999,0.7799999999999999
no_error,2,23.8,0.9686763765179035,0.9667189610876734,0.966385811895342,"(32.09, 35.22]",79,0.031323623482096496,0.7866666666666667,0.7866666666666667
no_error,2,23.9,0.9699187426348441,0.9681014290922986,0.9678242857175772,"(32.09, 35.22]",79,0.030081257365155878,0.7933333333333332,0.7933333333333332
no_error,2,24.0,0.9711235097599867,0.9694389059229801,0.9692138001234412,"(32.09, 35.22]",79,0.028876490240013264,0.8,0.8
no_error,2,24.1,0.9722905792054652,0.9707315383016797,0.9705546810075752,"(32.09, 35.22]",79,0.027709420794534756,0.8066666666666668,0.8066666666666668
no_error,2,24.2,0.9734200055679231,0.971979631772118,0.9718474116090704,"(32.09, 35.22]",79,0.026579994432076925,0.8133333333333332,0.8133333333333332
no_error,2,24.3,0.9745119825350375,0.9731836345471823,0.973092617075091,"(32.09, 35.22]",79,0.025488017464962542,0.8200000000000001,0.8200000000000001
no_error,2,24.4,0.9755668299787775,0.9743441234089636,0.9742866187373004,"(32.09, 35.22]",79,0.024433170021222472,0.8266666666666665,0.8266666666666665
no_error,2,24.5,0.9765849851167399,0.9754622716435767,0.9754283560099124,"(32.09, 35.22]",79,0.023415014883260143,0.8333333333333334,0.8333333333333334
no_error,2,24.6,0.9775669894036182,0.9765481667309438,0.976523345338676,"(32.09, 35.22]",79,0.02243301059638181,0.8400000000000001,0.8400000000000001
no_error,2,24.7,0.9785134749537112,0.977584482957022,0.9775653558218452,"(32.09, 35.22]",79,0.021486525046288785,0.8466666666666666,0.8466666666666666
no_error,2,24.8,0.9794251550457532,0.9785917931125783,0.9785658703452568,"(32.09, 35.22]",79,0.020574844954246774,0.8533333333333334,0.8533333333333334
no_error,2,24.9,0.9803028142513835,0.9795530340816256,0.9795202311422028,"(32.09, 35.22]",79,0.019697185748616453,0.8599999999999999,0.8599999999999999
no_error,2,25.0,0.9811472950579464,0.9804543912483331,0.980434378656559,"(32.09, 35.22]",79,0.0188527049420536,0.8666666666666667,0.8666666666666667
no_error,3,10.0,0.4681201320506812,0.3215958633543106,0.0433203553438462,"(35.22, 46.88]",30,0.5318798679493189,0.0,0.5318798679493189
no_error,3,10.1,0.4753172360096209,0.3292373949289027,0.0455227480796076,"(35.22, 46.88]",30,0.524682763990379,0.0,0.524682763990379
no_error,3,10.2,0.4825286027832651,0.33695914982092523,0.0478196796507817,"(35.22, 46.88]",30,0.5174713972167349,0.0,0.5174713972167349
no_error,3,10.3,0.4897518856058348,0.3447584542312925,0.0502140267851942,"(35.22, 46.88]",30,0.5102481143941652,0.0,0.5102481143941652
no_error,3,10.4,0.4969847220406394,0.3526325257356052,0.0527086794553298,"(35.22, 46.88]",30,0.5030152779593606,0.0,0.5030152779593606
no_error,3,10.5,0.5042247355003425,0.36057847659593323,0.0553065358662831,"(35.22, 46.88]",30,0.4957752644996575,0.0,0.4957752644996575
no_error,3,10.6,0.5114695389888985,0.36859331647544635,0.0580104971228341,"(35.22, 46.88]",30,0.48853046101110154,0.0,0.48853046101110154
no_error,3,10.7,0.5187167361363046,0.37667395518195657,0.0608234617291103,"(35.22, 46.88]",30,0.48128326386369535,0.0,0.48128326386369535
no_error,3,10.8,0.5259639242700225,0.38481720594817304,0.0637483197114497,"(35.22, 46.88]",30,0.4740360757299775,0.0,0.4740360757299775
no_error,3,10.9,0.5332086973149353,0.39301978882561517,0.0667879464877354,"(35.22, 46.88]",30,0.46679130268506475,0.0,0.46679130268506475
no_error,3,11.0,0.5404486467641515,0.401278334726157,0.0699451965195012,"(35.22, 46.88]",30,0.4595513532358485,0.0,0.4595513532358485
no_error,3,11.1,0.5476809218970625,0.4095889143596969,0.0732228877970754,"(35.22, 46.88]",30,0.4523190781029375,0.0,0.4523190781029375
no_error,3,11.2,0.5549008823221055,0.4179455676596981,0.0766237564516916,"(35.22, 46.88]",30,0.44509911767789445,0.0,0.44509911767789445
no_error,3,11.3,0.5621030339319941,0.42634125939135126,0.0801503130557311,"(35.22, 46.88]",30,0.4378969660680059,0.0,0.4378969660680059
no_error,3,11.4,0.5692813881406829,0.43476824185250357,0.0838047722567553,"(35.22, 46.88]",30,0.43071861185931715,0.0,0.43071861185931715
no_error,3,11.5,0.5764295084921033,0.44321808902895327,0.0875890157105288,"(35.22, 46.88]",30,0.4235704915078967,0.0,0.4235704915078967
no_error,3,11.6,0.5835406075662861,0.4516817897347853,0.0915045750936537,"(35.22, 46.88]",30,0.4164593924337139,0.0,0.4164593924337139
no_error,3,11.7,0.590607634605539,0.46014983570343476,0.0955526158704375,"(35.22, 46.88]",30,0.409392365394461,0.0,0.409392365394461
no_error,3,11.8,0.5976233319511999,0.4686122790258756,0.0997339105596111,"(35.22, 46.88]",30,0.4023766680488001,0.0,0.4023766680488001
no_error,3,11.9,0.6045803074325451,0.47705881249998466,0.1040488216700509,"(35.22, 46.88]",30,0.3954196925674549,0.0,0.3954196925674549
no_error,3,12.0,0.611471119378587,0.48547886921574523,0.108497296937068,"(35.22, 46.88]",30,0.388528880621413,0.0,0.388528880621413
no_error,3,12.1,0.6182883349903282,0.4938616929412941,0.1130788543823894,"(35.22, 46.88]",30,0.3817116650096718,0.006666666666666643,0.3817116650096718
no_error,3,12.2,0.6250245861029967,0.5021964141196685,0.1177925756629357,"(35.22, 46.88]",30,0.3749754138970033,0.013333333333333286,0.3749754138970033
no_error,3,12.3,0.6316726406286087,0.5104721458722352,0.122637107035488,"(35.22, 46.88]",30,0.36832735937139127,0.02000000000000005,0.36832735937139127
no_error,3,12.4,0.6382254520356312,0.5186780524122608,0.1276106636721024,"(35.22, 46.88]",30,0.3617745479643688,0.02666666666666669,0.3617745479643688
no_error,3,12.5,0.6446762059043718,0.5268034235922956,0.1327110318987591,"(35.22, 46.88]",30,0.3553237940956282,0.03333333333333333,0.3553237940956282
no_error,3,12.6,0.651018370706023,0.5348377538559779,0.1379355859794861,"(35.22, 46.88]",30,0.348981629293977,0.03999999999999997,0.348981629293977
no_error,3,12.7,0.6572457333274225,0.5427708084139782,0.1432813000589409,"(35.22, 46.88]",30,0.34275426667257747,0.04666666666666662,0.34275426667257747
no_error,3,12.8,0.663352433073182,0.5505926771732887,0.1487447700146365,"(35.22, 46.88]",30,0.33664756692681796,0.05333333333333338,0.33664756692681796
no_error,3,12.9,0.6693329969796125,0.5582938496351901,0.1543222408309139,"(35.22, 46.88]",30,0.33066700302038754,0.060000000000000026,0.33066700302038754
no_error,3,13.0,0.6751823575388503,0.5658652533628533,0.16000963116104,"(35.22, 46.88]",30,0.32481764246114975,0.06666666666666667,0.32481764246114975
no_error,3,13.1,0.6808958691195688,0.5732982962790795,0.1658025648742688,"(35.22, 46.88]",30,0.3191041308804312,0.0733333333333333,0.3191041308804312
no_error,3,13.2,0.6864693338744582,0.5805849266715638,0.1716964154195489,"(35.22, 46.88]",30,0.3135306661255418,0.07999999999999995,0.3135306661255418
no_error,3,13.3,0.6918990022667136,0.5877176499361467,0.1776863365772046,"(35.22, 46.88]",30,0.30810099773328636,0.08666666666666671,0.30810099773328636
no_error,3,13.4,0.6971815722125577,0.5946895485514337,0.1837673021535145,"(35.22, 46.88]",30,0.3028184277874423,0.09333333333333335,0.3028184277874423
no_error,3,13.5,0.7023142029921189,0.601494324914675,0.1899341586194526,"(35.22, 46.88]",30,0.2976857970078811,0.1,0.2976857970078811
no_error,3,13.6,0.707294509284501,0.6081263054211052,0.1961816688722703,"(35.22, 46.88]",30,0.292705490715499,0.10666666666666665,0.292705490715499
no_error,3,13.7,0.712120543175227,0.6145804368981461,0.2025045496003369,"(35.22, 46.88]",30,0.287879456824773,0.11333333333333329,0.287879456824773
no_error,3,13.8,0.7167907936497487,0.620852301746859,0.2088975246472185,"(35.22, 46.88]",30,0.28320920635025126,0.12000000000000005,0.28320920635025126
no_error,3,13.9,0.7213041829155454,0.6269381279828758,0.2153553803758393,"(35.22, 46.88]",30,0.27869581708445457,0.12666666666666668,0.27869581708445457
no_error,3,14.0,0.7256600350039304,0.6328347545370008,0.221872998190425,"(35.22, 46.88]",30,0.2743399649960696,0.13333333333333333,0.2743399649960696
no_error,3,14.1,0.7298580617060446,0.6385396308052194,0.2284454021325233,"(35.22, 46.88]",30,0.2701419382939554,0.13999999999999999,0.2701419382939554
no_error,3,14.2,0.7338983628228234,0.6440508188154295,0.2350678177739371,"(35.22, 46.88]",30,0.2661016371771766,0.1466666666666666,0.2661016371771766
no_error,3,14.3,0.7377813901821965,0.6493669539812469,0.2417357020574432,"(35.22, 46.88]",30,0.26221860981780354,0.15333333333333338,0.26221860981780354
no_error,3,14.4,0.7415079232692373,0.6544872223625244,0.2484447767486951,"(35.22, 46.88]",30,0.2584920767307627,0.16000000000000003,0.2584920767307627
no_error,3,14.5,0.7450790668602576,0.659411354875225,0.2551910829212818,"(35.22, 46.88]",30,0.2549209331397424,0.16666666666666666,0.2549209331397424
no_error,3,14.6,0.7484963648430973,0.6641398150032694,0.2619709986387248,"(35.22, 46.88]",30,0.25150363515690266,0.1733333333333333,0.25150363515690266
no_error,3,14.7,0.7517633898210797,0.6686763367053373,0.2687810812807502,"(35.22, 46.88]",30,0.2482366101789203,0.17999999999999997,0.2482366101789203
no_error,3,14.8,0.7548851272882315,0.6730269667965113,0.2756181575272247,"(35.22, 46.88]",30,0.24511487271176846,0.1866666666666667,0.24511487271176846
no_error,3,14.9,0.7578667531622479,0.6771981327274268,0.2824794731847335,"(35.22, 46.88]",30,0.24213324683775206,0.19333333333333336,0.24213324683775206
no_error,3,15.0,0.7607135802093331,0.6811965618519836,0.2893626981641664,"(35.22, 46.88]",30,0.2392864197906669,0.2,0.2392864197906669
no_error,3,15.1,0.7634310532531625,0.6850292548141435,0.2962659461375487,"(35.22, 46.88]",30,0.23656894674683748,0.20666666666666664,0.23656894674683748
no_error,3,15.2,0.7660247562008725,0.6887034941034612,0.303187810022794,"(35.22, 46.88]",30,0.23397524379912749,0.2133333333333333,0.23397524379912749
no_error,3,15.3,0.7685003863522687,0.6922267916183749,0.3101273503657517,"(35.22, 46.88]",30,0.2314996136477313,0.22000000000000006,0.2314996136477313
no_error,3,15.4,0.7708637450169117,0.6956068726649679,0.3170840962766811,"(35.22, 46.88]",30,0.22913625498308832,0.22666666666666668,0.22913625498308832
no_error,3,15.5,0.773120745016234,0.6988516746312637,0.3240580686778864,"(35.22, 46.88]",30,0.22687925498376604,0.23333333333333334,0.23333333333333334
no_error,3,15.6,0.7752773966607484,0.7019693141344122,0.3310497684023185,"(35.22, 46.88]",30,0.22472260333925165,0.23999999999999996,0.23999999999999996
no_error,3,15.7,0.7773397925380308,0.7049680635376298,0.3380601581369549,"(35.22, 46.88]",30,0.22266020746196924,0.24666666666666662,0.24666666666666662
no_error,3,15.8,0.7793141105030034,0.7078563461937959,0.3450906666413032,"(35.22, 46.88]",30,0.22068588949699663,0.25333333333333335,0.25333333333333335
no_error,3,15.9,0.7812066105936839,0.710642715971849,0.3521431810361979,"(35.22, 46.88]",30,0.2187933894063161,0.26,0.26
no_error,3,16.0,0.7830236157188508,0.713335833245727,0.359220011787037,"(35.22, 46.88]",30,0.21697638428114918,0.26666666666666666,0.26666666666666666
no_error,3,16.1,0.7847715094702031,0.7159444485978692,0.366323881906321,"(35.22, 46.88]",30,0.21522849052979687,0.27333333333333343,0.27333333333333343
no_error,3,16.2,0.7864567365081488,0.7184773985701415,0.3734579130724447,"(35.22, 46.88]",30,0.21354326349185115,0.27999999999999997,0.27999999999999997
no_error,3,16.3,0.7880857844472522,0.7209435723717348,0.3806255883428183,"(35.22, 46.88]",30,0.2119142155527478,0.28666666666666674,0.28666666666666674
no_error,3,16.4,0.7896651751581975,0.7233518973116569,0.387830722630671,"(35.22, 46.88]",30,0.21033482484180255,0.2933333333333332,0.2933333333333332
no_error,3,16.5,0.7912014629599416,0.7257113288033109,0.3950774424441327,"(35.22, 46.88]",30,0.20879853704005835,0.3,0.3
no_error,3,16.6,0.7927012195404639,0.7280308249350025,0.4023701459305849,"(35.22, 46.88]",30,0.2072987804595361,0.30666666666666675,0.30666666666666675
no_error,3,16.7,0.794171019485301,0.7303193229775261,0.4097134626111496,"(35.22, 46.88]",30,0.205828980514699,0.3133333333333333,0.3133333333333333
no_error,3,16.8,0.7956174333835303,0.7325857271234327,0.417112222269888,"(35.22, 46.88]",30,0.2043825666164697,0.32000000000000006,0.32000000000000006
no_error,3,16.9,0.7970470135016203,0.7348388826718717,0.4245714125925588,"(35.22, 46.88]",30,0.20295298649837967,0.32666666666666655,0.32666666666666655
no_error,3,17.0,0.7984662762542662,0.7370875551397842,0.4320961336808594,"(35.22, 46.88]",30,0.20153372374573375,0.3333333333333333,0.3333333333333333
no_error,3,17.1,0.7998816898783989,0.7393404034881031,0.439691556717373,"(35.22, 46.88]",30,0.20011831012160108,0.3400000000000001,0.3400000000000001
no_error,3,17.2,0.8012996566139994,0.7416059615841413,0.4473628763535715,"(35.22, 46.88]",30,0.19870034338600062,0.3466666666666666,0.3466666666666666
no_error,3,17.3,0.8027264946772994,0.743892607890392,0.4551152610661426,"(35.22, 46.88]",30,0.1972735053227006,0.3533333333333334,0.3533333333333334
no_error,3,17.4,0.8041684208224582,0.7462085426924538,0.462953807941336,"(35.22, 46.88]",30,0.1958315791775418,0.35999999999999993,0.35999999999999993
no_error,3,17.5,0.8056315296871264,0.7485617597631583,0.4708834859800801,"(35.22, 46.88]",30,0.19436847031287363,0.36666666666666664,0.36666666666666664
no_error,3,17.6,0.8071217717093199,0.750960015506058,0.4789090850183093,"(35.22, 46.88]",30,0.19287822829068013,0.3733333333333334,0.3733333333333334
no_error,3,17.7,0.8086449349568177,0.753410805664341,0.4870351647325505,"(35.22, 46.88]",30,0.19135506504318234,0.37999999999999995,0.37999999999999995
no_error,3,17.8,0.8102066214177118,0.7559213330776486,0.4952659979550164,"(35.22, 46.88]",30,0.18979337858228817,0.3866666666666667,0.3866666666666667
no_error,3,17.9,0.8118122200950485,0.7584984718679308,0.5036055077711313,"(35.22, 46.88]",30,0.1881877799049515,0.39333333333333326,0.39333333333333326
no_error,3,18.0,0.8134668891537664,0.7611487457470528,0.5120572224988692,"(35.22, 46.88]",30,0.18653311084623359,0.4,0.4
no_error,3,18.1,0.815175532875101,0.7638782946866784,0.5206242156786062,"(35.22, 46.88]",30,0.18482446712489897,0.4066666666666668,0.4066666666666668
no_error,3,18.2,0.8169427194977755,0.7666927235145093,0.5293089906161361,"(35.22, 46.88]",30,0.18305728050222447,0.4133333333333333,0.4133333333333333
no_error,3,18.3,0.8187718940345604,0.7695953203345639,0.5381126503375396,"(35.22, 46.88]",30,0.1812281059654396,0.42000000000000004,0.42000000000000004
no_error,3,18.4,0.8206655210491351,0.7725874123899791,0.547035002130124,"(35.22, 46.88]",30,0.17933447895086485,0.4266666666666666,0.4266666666666666
no_error,3,18.5,0.8226257418648331,0.7756698901918762,0.556075177868326,"(35.22, 46.88]",30,0.17737425813516694,0.43333333333333335,0.43333333333333335
no_error,3,18.6,0.8246545145969123,0.7788433969777241,0.5652318297989696,"(35.22, 46.88]",30,0.1753454854030877,0.4400000000000001,0.4400000000000001
no_error,3,18.7,0.8267535369415835,0.782108240403823,0.5745029895276831,"(35.22, 46.88]",30,0.1732464630584165,0.4466666666666666,0.4466666666666666
no_error,3,18.8,0.8289241384581004,0.7854642669624509,0.5838858974418283,"(35.22, 46.88]",30,0.17107586154189958,0.45333333333333337,0.45333333333333337
no_error,3,18.9,0.8311672600937642,0.7889108433658443,0.5933769475623184,"(35.22, 46.88]",30,0.16883273990623582,0.4599999999999999,0.4599999999999999
no_error,3,19.0,0.8334834541067839,0.7924468612056265,0.6029716825968915,"(35.22, 46.88]",30,0.16651654589321607,0.4666666666666667,0.4666666666666667
no_error,3,19.1,0.8358728719528811,0.7960707250316024,0.6126647651914826,"(35.22, 46.88]",30,0.16412712804711893,0.47333333333333344,0.47333333333333344
no_error,3,19.2,0.8383352437415386,0.7997803361884438,0.622449933148985,"(35.22, 46.88]",30,0.16166475625846144,0.4799999999999999,0.4799999999999999
no_error,3,19.3,0.8408698844656785,0.8035731034740483,0.6323200135972652,"(35.22, 46.88]",30,0.15913011553432155,0.4866666666666667,0.4866666666666667
no_error,3,19.4,0.8434756949937072,0.807445951400803,0.6422669166315818,"(35.22, 46.88]",30,0.15652430500629277,0.49333333333333323,0.49333333333333323
no_error,3,19.5,0.846151148096506,0.8113953088978425,0.6522816233363863,"(35.22, 46.88]",30,0.15384885190349396,0.5,0.5
no_error,3,19.6,0.8488942966640864,0.8154171260186309,0.66235420784627,"(35.22, 46.88]",30,0.15110570333591355,0.5066666666666667,0.5066666666666667
no_error,3,19.7,0.8517027878904723,0.8195068959756642,0.6724738662190869,"(35.22, 46.88]",30,0.14829721210952773,0.5133333333333333,0.5133333333333333
no_error,3,19.8,0.8545738631506825,0.8236596627139721,0.6826289406288341,"(35.22, 46.88]",30,0.1454261368493175,0.52,0.52
no_error,3,19.9,0.8575043649220686,0.8278700355688469,0.692806953267077,"(35.22, 46.88]",30,0.1424956350779314,0.5266666666666666,0.5266666666666666
no_error,3,20.0,0.8604907649263478,0.8321322281783304,0.7029946769813532,"(35.22, 46.88]",30,0.1395092350736522,0.5333333333333333,0.5333333333333333
no_error,3,20.1,0.8635291783926959,0.8364400839690509,0.7131781949140166,"(35.22, 46.88]",30,0.13647082160730406,0.5400000000000001,0.5400000000000001
no_error,3,20.2,0.866615374281806,0.8407870944794874,0.7233429550838025,"(35.22, 46.88]",30,0.13338462571819398,0.5466666666666666,0.5466666666666666
no_error,3,20.3,0.8697448105361466,0.8451664466951238,0.7334738722846593,"(35.22, 46.88]",30,0.1302551894638534,0.5533333333333333,0.5533333333333333
no_error,3,20.4,0.8729126641553725,0.8495710666673538,0.7435554263362298,"(35.22, 46.88]",30,0.1270873358446275,0.5599999999999999,0.5599999999999999
no_error,3,20.5,0.8761138478012227,0.8539936460711205,0.753571741329778,"(35.22, 46.88]",30,0.1238861521987773,0.5666666666666667,0.5666666666666667
no_error,3,20.6,0.8793430477929961,0.8584266916874419,0.7635067062528956,"(35.22, 46.88]",30,0.1206569522070039,0.5733333333333335,0.5733333333333335
no_error,3,20.7,0.8825947649418212,0.862862580538597,0.77334409952838,"(35.22, 46.88]",30,0.11740523505817879,0.58,0.58
no_error,3,20.8,0.8858633425540623,0.867293599764476,0.7830676999825948,"(35.22, 46.88]",30,0.1141366574459377,0.5866666666666667,0.5866666666666667
no_error,3,20.9,0.8891430010485534,0.8717119913075967,0.792661406371791,"(35.22, 46.88]",30,0.11085699895144663,0.5933333333333333,0.5933333333333333
no_error,3,21.0,0.8924278860374788,0.8761100127849187,0.802109378549489,"(35.22, 46.88]",30,0.1075721139625212,0.6,0.6
no_error,3,21.1,0.8957121045920033,0.8804799861005461,0.8113961630440396,"(35.22, 46.88]",30,0.10428789540799666,0.6066666666666668,0.6066666666666668
no_error,3,21.2,0.8989897569952451,0.8848143403096594,0.820506806044449,"(35.22, 46.88]",30,0.10101024300475492,0.6133333333333333,0.6133333333333333
no_error,3,21.3,0.9022549847443719,0.8891056650866273,0.8294269875169248,"(35.22, 46.88]",30,0.09774501525562806,0.62,0.62
no_error,3,21.4,0.9055020102238457,0.8933467647750557,0.8381431463457707,"(35.22, 46.88]",30,0.09449798977615431,0.6266666666666666,0.6266666666666666
no_error,3,21.5,0.9087251668642257,0.8975306953845373,0.8466425733829748,"(35.22, 46.88]",30,0.09127483313577434,0.6333333333333333,0.6333333333333333
no_error,3,21.6,0.9119189398155008,0.9016508086939947,0.8549135242662214,"(35.22, 46.88]",30,0.08808106018449924,0.6400000000000001,0.6400000000000001
no_error,3,21.7,0.915078003540048,0.905700800332969,0.8629453129256529,"(35.22, 46.88]",30,0.08492199645995202,0.6466666666666666,0.6466666666666666
no_error,3,21.8,0.9181972494984156,0.9096747396425502,0.8707283883223371,"(35.22, 46.88]",30,0.08180275050158436,0.6533333333333334,0.6533333333333334
no_error,3,21.9,0.9212718156855302,0.9135671014658422,0.8782543971245976,"(35.22, 46.88]",30,0.07872818431446982,0.6599999999999999,0.6599999999999999
no_error,3,22.0,0.9242971136334643,0.917372906966393,0.8855163974481575,"(35.22, 46.88]",30,0.07570288636653566,0.6666666666666666,0.6666666666666666
no_error,3,22.1,0.9272688400120576,0.9210879559030547,0.8925091837405001,"(35.22, 46.88]",30,0.07273115998794244,0.6733333333333335,0.6733333333333335
no_error,3,22.2,0.9301830021623981,0.9247085311446592,0.8992288445998038,"(35.22, 46.88]",30,0.06981699783760187,0.6799999999999999,0.6799999999999999
no_error,3,22.3,0.9330359402986146,0.9282313420877755,0.9056726662637854,"(35.22, 46.88]",30,0.06696405970138541,0.6866666666666668,0.6866666666666668
no_error,3,22.4,0.9358243483965385,0.9316535446138111,0.9118391406561398,"(35.22, 46.88]",30,0.0641756516034615,0.6933333333333332,0.6933333333333332
no_error,3,22.5,0.9385452938488433,0.9349727575275368,0.91772795801455,"(35.22, 46.88]",30,0.06145470615115667,0.7,0.7
no_error,3,22.6,0.9411962147999865,0.9381870540670544,0.9233399671580184,"(35.22, 46.88]",30,0.0588037852000135,0.7066666666666668,0.7066666666666668
no_error,3,22.7,0.9437749150585962,0.9412949533824403,0.9286771227368336,"(35.22, 46.88]",30,0.05622508494140377,0.7133333333333333,0.7133333333333333
no_error,3,22.8,0.946279557533278,0.9442954069156585,0.933742425788369,"(35.22, 46.88]",30,0.05372044246672203,0.7200000000000001,0.7200000000000001
no_error,3,22.9,0.9487086611617211,0.9471877900308504,0.938539864343212,"(35.22, 46.88]",30,0.051291338838278855,0.7266666666666666,0.7266666666666666
no_error,3,23.0,0.9510610938762001,0.9499718884420474,0.9430743451851842,"(35.22, 46.88]",30,0.04893890612379992,0.7333333333333333,0.7333333333333333
no_error,3,23.1,0.953336062294712,0.9526478824534496,0.947351615433801,"(35.22, 46.88]",30,0.04666393770528798,0.7400000000000001,0.7400000000000001
no_error,3,23.2,0.955533101562839,0.9552163288185442,0.9513781845565812,"(35.22, 46.88]",30,0.04446689843716101,0.7466666666666666,0.7466666666666666
no_error,3,23.3,0.9576520603639105,0.9575627476745429,0.9551612378201314,"(35.22, 46.88]",30,0.042347939636089516,0.7533333333333334,0.7533333333333334
no_error,3,23.4,0.9596930828615229,0.9595073171829307,0.9587085474806608,"(35.22, 46.88]",30,0.040306917138477116,0.7599999999999999,0.7599999999999999
no_error,3,23.5,0.9616565936746742,0.9613304792445463,0.961317060020773,"(35.22, 46.88]",30,0.038343406325325846,0.7666666666666667,0.7666666666666667
no_error,3,23.6,0.9635432778318775,0.963056056906129,0.9630427275295452,"(35.22, 46.88]",30,0.03645672216812246,0.7733333333333334,0.7733333333333334
no_error,3,23.7,0.9653540585721471,0.9647002749410764,0.9646868142713994,"(35.22, 46.88]",30,0.03464594142785293,0.7799999999999999,0.7799999999999999
no_error,3,23.8,0.9670900782365714,0.9662573467905027,0.966251193757969,"(35.22, 46.88]",30,0.03290992176342855,0.7866666666666667,0.7866666666666667
no_error,3,23.9,0.968752677910332,0.9677470990392911,0.9677456376073984,"(35.22, 46.88]",30,0.03124732208966796,0.7933333333333332,0.7933333333333332
no_error,3,24.0,0.9703433731998715,0.969176720808199,0.9691739545696564,"(35.22, 46.88]",30,0.029656626800128483,0.8,0.8
no_error,3,24.1,0.9718638333739305,0.9705481463167633,0.970540206494127,"(35.22, 46.88]",30,0.028136166626069548,0.8066666666666668,0.8066666666666668
no_error,3,24.2,0.9733158631173706,0.9718711266647506,0.9718444615875472,"(35.22, 46.88]",30,0.026684136882629383,0.8133333333333332,0.8133333333333332
no_error,3,24.3,0.9747013791610858,0.973144004830056,0.9730986363348972,"(35.22, 46.88]",30,0.02529862083891421,0.8200000000000001,0.8200000000000001
no_error,3,24.4,0.9760223901893397,0.974367669859716,0.9743052708599408,"(35.22, 46.88]",30,0.023977609810660327,0.8266666666666665,0.8266666666666665
no_error,3,24.5,0.9772809806147733,0.9755431232988158,0.9754652734316602,"(35.22, 46.88]",30,0.02271901938522669,0.8333333333333334,0.8333333333333334
no_error,3,24.6,0.9784792916926942,0.9766714624711521,0.9765796506437142,"(35.22, 46.88]",30,0.02152070830730579,0.8400000000000001,0.8400000000000001
no_error,3,24.7,0.9796195029225058,0.977753865960654,0.9776494928595773,"(35.22, 46.88]",30,0.02038049707749423,0.8466666666666666,0.8466666666666666
no_error,3,24.8,0.9807038183649156,0.9787915810449315,0.978675962258658,"(35.22, 46.88]",30,0.019296181635084397,0.8533333333333334,0.8533333333333334
no_error,3,24.9,0.9817344535179412,0.9797859136973436,0.9796602822866728,"(35.22, 46.88]",30,0.018265546482058803,0.8599999999999999,0.8599999999999999
no_error,3,25.0,0.9827136193158327,0.9807382115488765,0.9806037218500988,"(35.22, 46.88]",30,0.017286380684167324,0.8666666666666667,0.8666666666666667
