scenario,Group,GA,mean_reliability,q10_reliability,min_reliability,BMI_interval,N,detection_failure_risk,delay_risk,minimax_risk,normalized_delay_risk,normalized_detection_failure_risk,knee_distance,is_knee
no_error,1,12.0,0.8338147552821513,0.814161776358129,0.6149847920339317,"[20.70, 32.09]",158,0.16618524471784868,0.0,0.16618524471784868,0.0,1.0,0.0,False
no_error,1,12.1,0.8364071024007677,0.8177784178887932,0.6204213511750274,"[20.70, 32.09]",158,0.16359289759923235,0.006666666666666643,0.16359289759923235,0.007692307692307664,0.9833346086207182,0.0063449283232138,False
no_error,1,12.2,0.8389550709326772,0.8213313241124296,0.6258054680055128,"[20.70, 32.09]",158,0.16104492906732282,0.013333333333333286,0.16104492906732282,0.015384615384615328,0.9669545133389448,0.012488121841233366,False
no_error,1,12.3,0.8414564058450277,0.8248180442500107,0.6311319648889311,"[20.70, 32.09]",158,0.15854359415497232,0.02000000000000005,0.15854359415497232,0.023076923076923134,0.9508742110578088,0.018419329695549845,False
no_error,1,12.4,0.8439089142187026,0.8282362397553082,0.6363957049355423,"[20.70, 32.09]",158,0.15609108578129738,0.02666666666666669,0.15609108578129738,0.030769230769230795,0.9351077993705984,0.024128583382350948,False
no_error,1,12.5,0.8463104894894713,0.8315837092722261,0.6415916401123549,"[20.70, 32.09]",158,0.1536895105105287,0.03333333333333333,0.1536895105105287,0.03846153846153846,0.9196688207219647,0.029606306947190002,False
no_error,1,12.6,0.8486591377297572,0.8348584153328699,0.6467148644436881,"[20.70, 32.09]",158,0.1513408622702428,0.03999999999999997,0.1513408622702428,0.04615384615384612,0.904570093450627,0.034843436455834924,False
no_error,1,12.7,0.8509529945531423,0.838058504807885,0.6517606468868877,"[20.70, 32.09]",158,0.14904700544685767,0.04666666666666662,0.14904700544685767,0.053846153846153794,0.8898236031155852,0.039831496838240686,False
no_error,1,12.8,0.8531903412782312,0.8406603718417792,0.6567244675785009,"[20.70, 32.09]",158,0.14680965872176877,0.05333333333333338,0.14680965872176877,0.06153846153846159,0.8754403985836772,0.04456267536574162,False
no_error,1,12.9,0.8553696231216877,0.8436646315526217,0.661602061780808,"[20.70, 32.09]",158,0.14463037687831226,0.060000000000000026,0.14463037687831226,0.06923076923076926,0.8614304750722185,0.04902990435239472,False
no_error,1,13.0,0.8574894559181258,0.8466579584020972,0.6663894392374917,"[20.70, 32.09]",158,0.14251054408187425,0.06666666666666667,0.14251054408187425,0.07692307692307691,0.8478027309489187,0.05322689170205095,False
no_error,1,13.1,0.8595486335180642,0.8495706536550438,0.6710829090777696,"[20.70, 32.09]",158,0.1404513664819358,0.0733333333333333,0.1404513664819358,0.08461538461538458,0.8345649201727363,0.05714815453774966,False
no_error,1,13.2,0.8615461425300555,0.8524019718681775,0.6756791117931746,"[20.70, 32.09]",158,0.13845385746994454,0.07999999999999995,0.13845385746994454,0.09230769230769224,0.8217235575213315,0.06078908621602946,False
no_error,1,13.3,0.863481160944044,0.8551514038376912,0.6801750315270281,"[20.70, 32.09]",158,0.13651883905595597,0.08666666666666671,0.13651883905595597,0.10000000000000005,0.8092839274410631,0.06414595006903509,False
no_error,1,13.4,0.8653530572846141,0.8578186749128813,0.6845680063063061,"[20.70, 32.09]",158,0.1346469427153859,0.09333333333333335,0.1346469427153859,0.10769230769230771,0.7972500894904972,0.06721587555537607,False
no_error,1,13.5,0.8671614010672244,0.8604037515489098,0.6888557461654738,"[20.70, 32.09]",158,0.1328385989327756,0.1,0.1328385989327756,0.11538461538461539,0.7856248111205323,0.0699969057917554,False
no_error,1,13.6,0.8689059601568707,0.8629068337715633,0.6930363490290775,"[20.70, 32.09]",158,0.13109403984312928,0.10666666666666665,0.13109403984312928,0.12307692307692304,0.7744095846547349,0.0724879855460594,False
no_error,1,13.7,0.8705866922152108,0.865328342634699,0.6971082855891975,"[20.70, 32.09]",158,0.1294133077847892,0.11333333333333329,0.1294133077847892,0.13076923076923072,0.7636046822731072,0.0746889223579628,False
no_error,1,13.8,0.8722037483079854,0.8676689208977811,0.7010704148347487,"[20.70, 32.09]",158,0.12779625169201458,0.12000000000000005,0.12779625169201458,0.13846153846153852,0.7532091328211011,0.07660040293743209,False
no_error,1,13.9,0.8737574756892956,0.8695837399906103,0.7049219970991334,"[20.70, 32.09]",158,0.12624252431070437,0.12666666666666668,0.12666666666666668,0.14615384615384616,0.7432207039103688,0.07822400582140654,False
no_error,1,14.0,0.8752484021152586,0.8715465933047161,0.7086626659909241,"[20.70, 32.09]",158,0.12475159788474144,0.13333333333333333,0.13333333333333333,0.15384615384615383,0.7336360027613775,0.07956213006730055,False
no_error,1,14.1,0.8766772335639255,0.872752234082338,0.7122924338646024,"[20.70, 32.09]",158,0.12332276643607454,0.13999999999999999,0.13999999999999999,0.16153846153846152,0.724450490861347,0.08061798488827761,False
no_error,1,14.2,0.8780448613141992,0.8740639534012193,0.7158117038111157,"[20.70, 32.09]",158,0.12195513868580077,0.1466666666666666,0.1466666666666666,0.16923076923076916,0.7156584384560949,0.08139562183237474,False
no_error,1,14.3,0.8793523456322819,0.8755377511519563,0.719221241185882,"[20.70, 32.09]",158,0.12064765436771807,0.15333333333333338,0.15333333333333338,0.17692307692307696,0.7072530294247797,0.08189986062486003,False
no_error,1,14.4,0.8806009068662303,0.8773263753164197,0.7225221626732794,"[20.70, 32.09]",158,0.11939909313376973,0.16000000000000003,0.16000000000000003,0.18461538461538465,0.699226418530227,0.08213624868613986,True
no_error,1,14.5,0.881791933682976,0.8780554239129611,0.725715945769409,"[20.70, 32.09]",158,0.11820806631702396,0.16666666666666666,0.16666666666666666,0.1923076923076923,0.6915696784656934,0.08211109857535015,False
no_error,1,14.6,0.8829269645156949,0.8787348176415963,0.728804426223777,"[20.70, 32.09]",158,0.11707303548430514,0.1733333333333333,0.1733333333333333,0.19999999999999996,0.6842729191239476,0.08183140365438069,False
no_error,1,14.7,0.8840075919879657,0.8793664780214744,0.731789964730256,"[20.70, 32.09]",158,0.11599240801203425,0.17999999999999997,0.17999999999999997,0.20769230769230765,0.6773259020245513,0.08130440362217849,False
no_error,1,14.8,0.8850355015514766,0.8799528622087186,0.7346753802711977,"[20.70, 32.09]",158,0.11496449844852341,0.1866666666666667,0.1866666666666667,0.21538461538461542,0.670717791924096,0.08053776015283352,False
no_error,1,14.9,0.8860125342510532,0.880496591062143,0.7374637966907098,"[20.70, 32.09]",158,0.1139874657489468,0.19333333333333336,0.19333333333333336,0.2230769230769231,0.6644367533194004,0.07953984221090403,False
no_error,1,15.0,0.8869406701078364,0.8810004268933338,0.7401586116591772,"[20.70, 32.09]",158,0.11305932989216361,0.2,0.2,0.23076923076923078,0.6584700572718847,0.07831965051517718,False
no_error,1,15.1,0.8878220253308136,0.8814672768967687,0.7427634846640011,"[20.70, 32.09]",158,0.11217797466918644,0.20666666666666664,0.20666666666666664,0.23846153846153842,0.6528040993337639,0.07688680486293593,False
no_error,1,15.2,0.8886588573925243,0.8819002049300964,0.7452823442526944,"[20.70, 32.09]",158,0.11134114260747574,0.2133333333333333,0.2133333333333333,0.24615384615384608,0.6474243669179199,0.07525156720294413,False
no_error,1,15.3,0.8894535477242851,0.8823024136477281,0.7477193515678486,"[20.70, 32.09]",158,0.11054645227571491,0.22000000000000006,0.22000000000000006,0.2538461538461539,0.6423155505449049,0.07342476297193566,False
no_error,1,15.4,0.8902085942995512,0.8826772453212343,0.7500788854097769,"[20.70, 32.09]",158,0.10979140570044876,0.22666666666666668,0.22666666666666668,0.26153846153846155,0.6374615915221977,0.0714177473802893,False
no_error,1,15.5,0.8909266163799032,0.883028188677674,0.7523655474367652,"[20.70, 32.09]",158,0.10907338362009678,0.23333333333333334,0.23333333333333334,0.2692307692307692,0.632845651433735,0.06924242698618797,False
no_error,1,15.6,0.89161034325503,0.8833588698743643,0.754584133288881,"[20.70, 32.09]",158,0.10838965674497003,0.23999999999999996,0.23999999999999996,0.2769230769230769,0.6284501845270491,0.06691120851018237,False
no_error,1,15.7,0.8922626020917094,0.8836730395802127,0.7567396123386834,"[20.70, 32.09]",158,0.10773739790829062,0.24666666666666662,0.24666666666666662,0.28461538461538455,0.6242570158283838,0.06443694359946363,False
no_error,1,15.8,0.8928863184805913,0.8839745795127296,0.7588371226943308,"[20.70, 32.09]",158,0.1071136815194087,0.25333333333333335,0.25333333333333335,0.2923076923076923,0.6202473376275964,0.06183293131341197,False
no_error,1,15.9,0.8934845114771683,0.8842674948764071,0.760881958817979,"[20.70, 32.09]",158,0.10651548852283166,0.26,0.26,0.3,0.6164017413582116,0.0591128955809955,False
no_error,1,16.0,0.8940602781345958,0.8845558989950572,0.7628795415424245,"[20.70, 32.09]",158,0.10593972186540423,0.26666666666666666,0.26666666666666666,0.30769230769230765,0.6127003170310981,0.056290914890542124,False
no_error,1,16.1,0.8946167889393546,0.8848440077414141,0.7648354057370963,"[20.70, 32.09]",158,0.10538321106064541,0.27333333333333343,0.27333333333333343,0.3153846153846155,0.6091226825771693,0.053381401541317486,False
no_error,1,16.2,0.8951572852533387,0.8851361363642876,0.7667551962310905,"[20.70, 32.09]",158,0.10484271474666129,0.27999999999999997,0.27999999999999997,0.32307692307692304,0.6056480002914064,0.05039909001584506,False
no_error,1,16.3,0.8956850633568502,0.885436678541602,0.768644634837883,"[20.70, 32.09]",158,0.10431493664314984,0.28666666666666674,0.28666666666666674,0.3307692307692308,0.6022550794154675,0.04735896444304659,False
no_error,1,16.4,0.8962034651475056,0.8857500951720831,0.7705095053150901,"[20.70, 32.09]",158,0.1037965348524944,0.2933333333333332,0.2933333333333332,0.3384615384615383,0.5989224359315175,0.044276216317620735,False
no_error,1,16.5,0.8967158732440134,0.8860809060146533,0.7723556422271746,"[20.70, 32.09]",158,0.10328412675598664,0.3,0.3,0.34615384615384615,0.595628324038519,0.04116622224294295,False
no_error,1,16.6,0.8972256964647292,0.8864336672761358,0.7741889069767574,"[20.70, 32.09]",158,0.10277430353527084,0.30666666666666675,0.30666666666666675,0.3538461538461539,0.59235082950607,0.03804447791993518,False
no_error,1,16.7,0.8977363567635703,0.8868129553741195,0.7760151639975483,"[20.70, 32.09]",158,0.10226364323642967,0.3133333333333333,0.3133333333333333,0.3615384615384615,0.5890679536593386,0.034926538760748346,False
no_error,1,16.8,0.898251279723385,0.8872233498642395,0.7778402679082892,"[20.70, 32.09]",158,0.10174872027661497,0.32000000000000006,0.32000000000000006,0.3692307692307693,0.585757674494228,0.0318279766738143,False
no_error,1,16.9,0.8987738812290158,0.8876694123373223,0.7796700387176418,"[20.70, 32.09]",158,0.1012261187709842,0.32666666666666655,0.32666666666666655,0.37692307692307675,0.5823980323520958,0.028764319482672072,False
no_error,1,17.0,0.899307551060814,0.8881556618551693,0.7815102406447303,"[20.70, 32.09]",158,0.10069244893918605,0.3333333333333333,0.3333333333333333,0.3846153846153846,0.5789672353919345,0.025750976345871972,False
no_error,1,17.1,0.8998556404451169,0.8886865545372065,0.7833665594479056,"[20.70, 32.09]",158,0.1001443595548831,0.3400000000000001,0.3400000000000001,0.3923076923076924,0.575443739624472,0.022803181164322475,False
no_error,1,17.2,0.9004214465086882,0.8892664580600825,0.7852445821974575,"[20.70, 32.09]",158,0.09957855349131184,0.3466666666666666,0.3466666666666666,0.3999999999999999,0.5718063488497294,0.019935921914764336,False
no_error,1,17.3,0.9010081949840484,0.8898996241095087,0.7871497700948437,"[20.70, 32.09]",158,0.09899180501595162,0.3533333333333334,0.3533333333333334,0.40769230769230774,0.5680343258390554,0.017163862032199252,False
no_error,1,17.4,0.9016190254819245,0.8905901628887178,0.7890874401552935,"[20.70, 32.09]",158,0.09838097451807548,0.35999999999999993,0.35999999999999993,0.4153846153846153,0.5641074870139599,0.014501273461846844,False
no_error,1,17.5,0.9022569736128728,0.891342015549864,0.7910627371006324,"[20.70, 32.09]",158,0.09774302638712717,0.36666666666666664,0.36666666666666664,0.423076923076923,0.560006317380624,0.011961955388170735,False
no_error,1,17.6,0.9029249525509447,0.892158922993841,0.7930806095631217,"[20.70, 32.09]",158,0.09707504744905526,0.3733333333333334,0.3733333333333334,0.43076923076923085,0.5557120890513456,0.009559150427562555,False
no_error,1,17.7,0.9036257379475048,0.8930443993790171,0.7951457890724519,"[20.70, 32.09]",158,0.09637426205249522,0.37999999999999995,0.37999999999999995,0.4384615384615384,0.5512069582288993,0.0073054760500427494,False
no_error,1,17.8,0.9043619491134667,0.8940017018444789,0.7972627645814746,"[20.70, 32.09]",158,0.09563805088653332,0.3866666666666667,0.3866666666666667,0.4461538461538462,0.5464740861800739,0.005212839038051218,False
no_error,1,17.9,0.9051360287256223,0.8950337978907857,0.799435753097149,"[20.70, 32.09]",158,0.09486397127437773,0.39333333333333326,0.39333333333333326,0.45384615384615373,0.5414977696973564,0.0032923432361070073,False
no_error,1,18.0,0.9059502291192146,0.8961433408228939,0.8016686830181311,"[20.70, 32.09]",158,0.09404977088078537,0.4,0.4,0.46153846153846156,0.536263529219706,0.0015542272400104228,False
no_error,1,18.1,0.9068065951865623,0.8973326389933649,0.8039651710706068,"[20.70, 32.09]",158,0.09319340481343774,0.4066666666666668,0.4066666666666668,0.46923076923076934,0.530758218771967,7.786657939506506e-06,False
no_error,1,18.2,0.9077069088439751,0.8986035015142207,0.8063284534201415,"[20.70, 32.09]",158,0.09229309115602491,0.4133333333333333,0.4133333333333333,0.47692307692307684,0.5249703829697516,0.0013388783301237603,False
no_error,1,18.3,0.9086521533194701,0.8999553300085692,0.8087607974219997,"[20.70, 32.09]",158,0.09134784668052987,0.42000000000000004,0.42000000000000004,0.48461538461538467,0.5188937009466911,0.0024812981967075646,False
no_error,1,18.4,0.9096426270087761,0.9013855377087029,0.8112636118851563,"[20.70, 32.09]",158,0.09035737299122393,0.4266666666666666,0.4266666666666666,0.49230769230769217,0.5125262544096798,0.003418116503748173,False
no_error,1,18.5,0.9106784047609592,0.9028912195115243,0.813837940328436,"[20.70, 32.09]",158,0.08932159523904082,0.43333333333333335,0.43333333333333335,0.5,0.5058675621774074,0.004148993004678448,False
no_error,1,18.6,0.9117594352444647,0.9044693009871512,0.8164846046722088,"[20.70, 32.09]",158,0.08824056475553532,0.4400000000000001,0.4400000000000001,0.5076923076923078,0.49891795424443536,0.0046741610408903515,False
no_error,1,18.7,0.9128854972486382,0.9061164972938645,0.8192041273408466,"[20.70, 32.09]",158,0.08711450275136179,0.4466666666666666,0.4466666666666666,0.5153846153846153,0.491678852705091,0.004994626184926163,False
no_error,1,18.8,0.9140561371724936,0.9078292605819979,0.8219966193222841,"[20.70, 32.09]",158,0.08594386282750643,0.45333333333333337,0.45333333333333337,0.5230769230769231,0.48415317361869026,0.005112450402102659,False
no_error,1,18.9,0.9152706637586911,0.909603780510542,0.8248617673858698,"[20.70, 32.09]",158,0.08472933624130885,0.4599999999999999,0.4599999999999999,0.5307692307692307,0.47634536086314805,0.005030775988628053,False
no_error,1,19.0,0.916528156448724,0.9114360079008257,0.8277988361471103,"[20.70, 32.09]",158,0.08347184355127601,0.4666666666666667,0.4666666666666667,0.5384615384615384,0.4682613324220924,0.004753787590856915,False
no_error,1,19.1,0.9178274667099243,0.913321668532674,0.8308066625523245,"[20.70, 32.09]",158,0.08217253329007568,0.47333333333333344,0.47333333333333344,0.5461538461538462,0.4599084718539529,0.0042867061730240685,False
no_error,1,19.2,0.9191672140023379,0.91525626976714,0.8338836409054982,"[20.70, 32.09]",158,0.08083278599766208,0.4799999999999999,0.4799999999999999,0.5538461538461538,0.4512956542196683,0.003635807350902411,False
no_error,1,19.3,0.9205457992623768,0.9172351318567301,0.8370277366539086,"[20.70, 32.09]",158,0.07945420073762322,0.4866666666666667,0.4866666666666667,0.5615384615384615,0.442433159400487,0.002808360098232995,False
no_error,1,19.4,0.9219614150133667,0.91925340928435,0.8402364938080963,"[20.70, 32.09]",158,0.0780385849866333,0.49333333333333323,0.49333333333333323,0.5692307692307691,0.4333326071004096,0.0018125807865095138,False
no_error,1,19.5,0.9234120460726474,0.9212508662985801,0.8435070275456678,"[20.70, 32.09]",158,0.07658795392735263,0.5,0.5,0.5769230769230769,0.4240069523004621,0.0006576299706661001,False
no_error,1,19.6,0.924895484096483,0.9225076461345373,0.846836040394042,"[20.70, 32.09]",158,0.07510451590351697,0.5066666666666667,0.5066666666666667,0.5846153846153846,0.41447039175400063,0.0006464537287286138,False
no_error,1,19.7,0.9264093461709637,0.9244078868562468,0.850219844729806,"[20.70, 32.09]",158,0.07359065382903629,0.5133333333333333,0.5133333333333333,0.5923076923076923,0.4047382444716035,0.0020888381354137405,False
no_error,1,19.8,0.9279510833726659,0.9257594804061938,0.8536543682689388,"[20.70, 32.09]",158,0.07204891662733415,0.52,0.52,0.6,0.3948268966872532,0.0036579364322218448,False
no_error,1,19.9,0.9295179935789162,0.926678416114729,0.8571351725113201,"[20.70, 32.09]",158,0.07048200642108382,0.5266666666666666,0.5266666666666666,0.6076923076923076,0.38475371950514387,0.005341465393580827,False
no_error,1,20.0,0.931107246671527,0.9276330808637414,0.8606574848965622,"[20.70, 32.09]",158,0.068892753328473,0.5333333333333333,0.5333333333333333,0.6153846153846153,0.3745369068727253,0.007126559955872116,False
no_error,1,20.1,0.9327159010664751,0.9286232808046986,0.8642162258429951,"[20.70, 32.09]",158,0.06728409893352494,0.5400000000000001,0.5400000000000001,0.6230769230769232,0.3641953693165509,0.008999848357534038,False
no_error,1,20.2,0.9343409152824069,0.9298998432211039,0.8678060200650437,"[20.70, 32.09]",158,0.06565908471759307,0.5466666666666666,0.5466666666666666,0.6307692307692307,0.35374865957196394,0.010947504726815018,False
no_error,1,20.3,0.9359791757293158,0.930969552479428,0.8714212468539815,"[20.70, 32.09]",158,0.06402082427068423,0.5533333333333333,0.5533333333333333,0.6384615384615384,0.34321679393835786,0.012955375402679166,False
no_error,1,20.4,0.9376275186500473,0.9320724132935139,0.8750560714801192,"[20.70, 32.09]",158,0.06237248134995266,0.5599999999999999,0.5599999999999999,0.6461538461538461,0.33262011122407603,0.015009078675825922,False
no_error,1,20.5,0.9392827434717748,0.9332073017366588,0.87870447106358,"[20.70, 32.09]",158,0.06071725652822524,0.5666666666666667,0.5666666666666667,0.6538461538461539,0.3219791869139424,0.017094065481410008,False
no_error,1,20.6,0.940941637288093,0.9343728986141334,0.8823602802154072,"[20.70, 32.09]",158,0.05905836271190701,0.5733333333333335,0.5733333333333335,0.6615384615384616,0.3113146757815097,0.019195730688988263,False
no_error,1,20.7,0.9426009999466255,0.9355677055189893,0.8860172325111779,"[20.70, 32.09]",158,0.057399000053374505,0.58,0.58,0.6692307692307692,0.3006471506086578,0.021299527144985893,False
no_error,1,20.8,0.9442576599468241,0.9367900530011227,0.8896690009187791,"[20.70, 32.09]",158,0.05574234005317591,0.5866666666666667,0.5866666666666667,0.6769230769230768,0.28999699998359535,0.023391037940421522,False
no_error,1,20.9,0.9459084922876724,0.9380381121508037,0.893309230507629,"[20.70, 32.09]",158,0.054091507712327624,0.5933333333333333,0.5933333333333333,0.6846153846153845,0.2793843135635387,0.025456057542445763,False
no_error,1,21.0,0.9475504439166089,0.9393099168655437,0.8969315922756701,"[20.70, 32.09]",158,0.05244955608339108,0.6,0.6,0.6923076923076923,0.26882871847151946,0.027480707479267785,False
no_error,1,21.1,0.9491805494915436,0.9406033764752235,0.9005298232492444,"[20.70, 32.09]",158,0.050819450508456376,0.6066666666666668,0.6066666666666668,0.7000000000000002,0.25834927796729557,0.02945150799064112,False
no_error,1,21.2,0.9507959442932042,0.9419162889102771,0.9040977578937892,"[20.70, 32.09]",158,0.04920405570679576,0.6133333333333333,0.6133333333333333,0.7076923076923076,0.24796440843790143,0.03135543672440921,False
no_error,1,21.3,0.9523938845228007,0.9432463620924638,0.9076293790797476,"[20.70, 32.09]",158,0.047606115477199284,0.62,0.62,0.7153846153846154,0.2376917489102921,0.03318002100499811,False
no_error,1,21.4,0.9539717618219348,0.9445912307243743,0.9111188555661812,"[20.70, 32.09]",158,0.04602823817806523,0.6266666666666666,0.6266666666666666,0.723076923076923,0.2275480677073718,0.034913403837573465,False
no_error,1,21.5,0.9555271115968167,0.9459484717041716,0.9145605733203472,"[20.70, 32.09]",158,0.04447288840318331,0.6333333333333333,0.6333333333333333,0.7307692307692307,0.21754920893419943,0.03654438174800593,False
no_error,1,21.6,0.9570576259231486,0.9473156218167879,0.9179491728467774,"[20.70, 32.09]",158,0.04294237407685142,0.6400000000000001,0.6400000000000001,0.7384615384615386,0.2077100095165177,0.03806246344549115,False
no_error,1,21.7,0.9585611644710482,0.9486901989205594,0.9212795842442024,"[20.70, 32.09]",158,0.04143883552895178,0.6466666666666666,0.6466666666666666,0.7461538461538461,0.19804422896782375,0.039457919484729626,False
no_error,1,21.8,0.9600357588829908,0.9500697141337018,0.9245470513839368,"[20.70, 32.09]",158,0.03996424111700925,0.6533333333333334,0.6533333333333334,0.7538461538461539,0.18856452124494713,0.04072180216703776,False
no_error,1,21.9,0.9614796179713235,0.9514516894865717,0.9277471566432436,"[20.70, 32.09]",158,0.03852038202867647,0.6599999999999999,0.6599999999999999,0.7615384615384614,0.17928240133484724,0.04184596916705201,False
no_error,1,22.0,0.9628912355486849,0.9528335299547744,0.9308759243569994,"[20.70, 32.09]",158,0.03710876445131506,0.6666666666666666,0.6666666666666666,0.7692307692307692,0.17020755204647028,0.04282357370490501,False
no_error,1,22.1,0.9642695904771706,0.9542122335664583,0.9339299886042725,"[20.70, 32.09]",158,0.035730409522829354,0.6733333333333335,0.6733333333333335,0.776923076923077,0.16134653795703116,0.04364997392353265,False
no_error,1,22.2,0.965613842300695,0.9555848207031984,0.9369063789953432,"[20.70, 32.09]",158,0.034386157699304976,0.6799999999999999,0.6799999999999999,0.7846153846153845,0.15270476209666553,0.04432134930368736,False
no_error,1,22.3,0.966923265505673,0.9569484510896741,0.9398024803817936,"[20.70, 32.09]",158,0.03307673449432702,0.6866666666666668,0.6866666666666668,0.7923076923076924,0.14428688856601016,0.04483440182818017,False
no_error,1,22.4,0.9681972560443595,0.9583004393936102,0.9426160462208916,"[20.70, 32.09]",158,0.03180274395564053,0.6933333333333332,0.6933333333333332,0.7999999999999998,0.13609680059968693,0.045186385635477576,False
no_error,1,22.5,0.9694353385740564,0.9596382728348878,0.9453452139786694,"[20.70, 32.09]",158,0.030564661425943607,0.7,0.7,0.8076923076923076,0.12813755402769872,0.04537513992746195,False
no_error,1,22.6,0.9706371615589028,0.9609596146449355,0.9479884928313072,"[20.70, 32.09]",158,0.029362838441097217,0.7066666666666668,0.7066666666666668,0.8153846153846155,0.12041140876449331,0.045399066703302515,False
no_error,1,22.7,0.9718024916185122,0.9622623039696958,0.9505447557195222,"[20.70, 32.09]",158,0.028197508381487824,0.7133333333333333,0.7133333333333333,0.8230769230769229,0.11291986513981156,0.045257105069665786,False
no_error,1,22.8,0.9729312083718268,0.9635443567341875,0.9530132273642704,"[20.70, 32.09]",158,0.027068791628173217,0.7200000000000001,0.7200000000000001,0.8307692307692308,0.10566369704594135,0.044948707802066515,False
no_error,1,22.9,0.974023301980415,0.9648039694596501,0.9553934749508122,"[20.70, 32.09]",158,0.02597669801958502,0.7266666666666666,0.7266666666666666,0.8384615384615384,0.09864296773109218,0.04447383017726746,False
no_error,1,23.0,0.9750788690069391,0.9660395200929675,0.9576853963293284,"[20.70, 32.09]",158,0.024921130993060925,0.7333333333333333,0.7333333333333333,0.846153846153846,0.09185705642401451,0.043832911146828316,False
no_error,1,23.1,0.9760981077620341,0.9672495680562282,0.959889206097829,"[20.70, 32.09]",158,0.023901892237965905,0.7400000000000001,0.7400000000000001,0.8538461538461539,0.0853046882474654,0.0430268521850928,False
no_error,1,23.2,0.9770813140720155,0.968432853327868,0.9620054192123866,"[20.70, 32.09]",158,0.022918685927984517,0.7466666666666666,0.7466666666666666,0.8615384615384615,0.07898396142629607,0.042056998050165224,False
no_error,1,23.3,0.9780288751100481,0.9695882933264018,0.9640348344022004,"[20.70, 32.09]",158,0.0219711248899519,0.7533333333333334,0.7533333333333334,0.8692307692307693,0.07289238694494311,0.04092510874182851,False
no_error,1,23.4,0.9789412625864348,0.9707149776432077,0.9659785110052204,"[20.70, 32.09]",158,0.02105873741356523,0.7599999999999999,0.7599999999999999,0.8769230769230768,0.06702693232494035,0.03963332854617031,False
no_error,1,23.5,0.9798190275069953,0.971812164162382,0.967837751618658,"[20.70, 32.09]",158,0.020180972493004656,0.7666666666666667,0.7666666666666667,0.8846153846153847,0.0613840553216654,0.03818416220838337,False
no_error,1,23.6,0.9806627931612173,0.9728792729663371,0.9696140801227524,"[20.70, 32.09]",158,0.019337206838782706,0.7733333333333334,0.7733333333333334,0.8923076923076924,0.05595974900133358,0.036580443058518805,False
no_error,1,23.7,0.9814732471730757,0.9739158775176595,0.9713092171283996,"[20.70, 32.09]",158,0.018526752826924286,0.7799999999999999,0.7799999999999999,0.8999999999999999,0.05074959284379756,0.03482529687634928,False
no_error,1,23.8,0.9822511353158614,0.9749216976767485,0.9727259804233092,"[20.70, 32.09]",158,0.01774886468413861,0.7866666666666667,0.7866666666666667,0.9076923076923077,0.0457487925050893,0.03292211377500557,False
no_error,1,23.9,0.9829972554557896,0.9758965921607712,0.9737754823823904,"[20.70, 32.09]",158,0.017002744544210358,0.7933333333333332,0.7933333333333332,0.9153846153846152,0.04095221875207058,0.030874520670022443,False
no_error,1,24.0,0.9837124489488497,0.9768405479527661,0.9747936276214614,"[20.70, 32.09]",158,0.016287551051150317,0.8,0.8,0.9230769230769231,0.03635446276940611,0.028686342171401133,False
no_error,1,24.1,0.9843975942080639,0.9777536707208027,0.975780330424381,"[20.70, 32.09]",158,0.015602405791936058,0.8066666666666668,0.8066666666666668,0.9307692307692308,0.03194987751364778,0.026361571341857973,False
no_error,1,24.2,0.9850536018512608,0.9786840792605,0.9767356342968876,"[20.70, 32.09]",158,0.014946398148739215,0.8133333333333332,0.8133333333333332,0.9384615384615383,0.027732608906690954,0.023904347639718167,False
no_error,1,24.3,0.9856814068782132,0.9795838926465054,0.9776597010794204,"[20.70, 32.09]",158,0.014318593121786849,0.8200000000000001,0.8200000000000001,0.9461538461538462,0.023696646126511203,0.021318921357995395,False
no_error,1,24.4,0.9862819622007241,0.980402594594078,0.9785527996921266,"[20.70, 32.09]",158,0.01371803779927594,0.8266666666666665,0.8266666666666665,0.9538461538461537,0.01983586320022734,0.018609624213655942,False
no_error,1,24.5,0.9868562348317489,0.9811919499445254,0.9794152973484356,"[20.70, 32.09]",158,0.01314376516825111,0.8333333333333334,0.8333333333333334,0.9615384615384616,0.01614404350304615,0.015780852024246516,False
no_error,1,24.6,0.9874051998702185,0.9819525265429008,0.9802476502078604,"[20.70, 32.09]",158,0.012594800129781536,0.8400000000000001,0.8400000000000001,0.9692307692307693,0.012614918427959346,0.01283703736429156,False
no_error,1,24.7,0.9879298344965499,0.9826849532948922,0.9810503908603998,"[20.70, 32.09]",158,0.012070165503450081,0.8466666666666666,0.8466666666666666,0.9769230769230768,0.009242205986732081,0.009782622270271567,False
no_error,1,24.8,0.9884311145431456,0.983389912348628,0.981824120076479,"[20.70, 32.09]",158,0.011568885456854416,0.8533333333333334,0.8533333333333334,0.9846153846153847,0.006019632857096444,0.006622042650902175,False
no_error,1,24.9,0.9889100110668929,0.9840681325874011,0.9825694992843694,"[20.70, 32.09]",158,0.011089988933107087,0.8599999999999999,0.8599999999999999,0.9923076923076921,0.002940956417080713,0.003359712706512495,False
no_error,1,25.0,0.9893674848651545,0.9847203785812607,0.983287238011469,"[20.70, 32.09]",158,0.010632515134845533,0.8666666666666667,0.8666666666666667,1.0,0.0,0.0,False
no_error,2,12.0,0.7749653427484606,0.7457737969277533,0.7290215291466078,"(32.09, 35.22]",79,0.22503465725153937,0.0,0.22503465725153937,0.0,1.0,0.0,False
no_error,2,12.1,0.779736652723986,0.7512126778219144,0.7347865536334135,"(32.09, 35.22]",79,0.22026334727601404,0.006666666666666643,0.22026334727601404,0.007692307692307664,0.9768587409223701,0.01092405828678264,False
no_error,2,12.2,0.7844203646125097,0.7565512995041738,0.7404474183535407,"(32.09, 35.22]",79,0.21557963538749025,0.013333333333333286,0.21557963538749025,0.015384615384615328,0.9541423400150134,0.02154769648032262,False
no_error,2,12.3,0.7890128804349777,0.7617850627298995,0.745998961858443,"(32.09, 35.22]",79,0.21098711956502225,0.02000000000000005,0.21098711956502225,0.023076923076923134,0.9318682477822728,0.03185857521066379,False
no_error,2,12.4,0.793510791848481,0.7669096072210801,0.7514362784675355,"(32.09, 35.22]",79,0.20648920815151905,0.02666666666666669,0.20648920815151905,0.030769230769230795,0.9100529949770628,0.04184500547032246,False
no_error,2,12.5,0.7979109100924011,0.7719208440901288,0.7567547535276404,"(32.09, 35.22]",79,0.20208908990759888,0.03333333333333333,0.20208908990759888,0.03846153846153846,0.8887120473595165,0.05149605131543218,False
no_error,2,12.6,0.80221029760102,0.7768149901318911,0.7619501009741013,"(32.09, 35.22]",79,0.19778970239897997,0.03999999999999997,0.19778970239897997,0.04615384615384612,0.8678596523731434,0.06080163828207273,False
no_error,2,12.7,0.8064062869874077,0.7815885906493795,0.7670183854724824,"(32.09, 35.22]",79,0.19359371301259232,0.04666666666666662,0.19359371301259232,0.053846153846153794,0.8475087470713577,0.06975261849204649,False
no_error,2,12.8,0.8104964983548997,0.7862385344560961,0.7719560422129247,"(32.09, 35.22]",79,0.18950350164510033,0.05333333333333338,0.18950350164510033,0.06153846153846159,0.82767087415534,0.07834083002307525,False
no_error,2,12.9,0.8144788576073573,0.7907620769937153,0.776759899072865,"(32.09, 35.22]",79,0.18552114239264272,0.060000000000000026,0.18552114239264272,0.06923076923076926,0.8083560931677202,0.08655915970435006,False
no_error,2,13.0,0.8183516005390798,0.7951568411054196,0.7814271783097583,"(32.09, 35.22]",79,0.18164839946092015,0.06666666666666667,0.18164839946092015,0.07692307692307691,0.7895729606561536,0.09440155714300012,False
no_error,2,13.1,0.8221132762657796,0.7994208217700658,0.7859555045935076,"(32.09, 35.22]",79,0.17788672373422043,0.0733333333333333,0.17788672373422043,0.08461538461538458,0.7713285135328025,0.10186304649071685,False
no_error,2,13.2,0.8257627586479589,0.8035523968670806,0.7903429115168379,"(32.09, 35.22]",79,0.1742372413520411,0.07999999999999995,0.1742372413520411,0.09230769230769224,0.7536282136699836,0.10893976562054726,False
no_error,2,13.3,0.8292992378830389,0.8075503149367727,0.794587833473265,"(32.09, 35.22]",79,0.17070076211696106,0.08666666666666671,0.17070076211696106,0.10000000000000005,0.7364759886790606,0.11562893729186198,False
no_error,2,13.4,0.8327222123083812,0.811413686409734,0.7986890959484508,"(32.09, 35.22]",79,0.16727778769161883,0.09333333333333335,0.16727778769161883,0.10769230769230771,0.719874271666486,0.12192884103858938,False
no_error,2,13.5,0.8360314916387446,0.8151419854500712,0.8026459126092551,"(32.09, 35.22]",79,0.16396850836125543,0.1,0.16396850836125543,0.11538461538461539,0.7038239855318583,0.1278388242721648,False
no_error,2,13.6,0.839227186575247,0.8187350330134905,0.8064578761696903,"(32.09, 35.22]",79,0.16077281342475302,0.10666666666666665,0.16077281342475302,0.12307692307692304,0.6883245933653435,0.13335926664517295,False
no_error,2,13.7,0.8423096883083121,0.8221929781244748,0.8101249282580893,"(32.09, 35.22]",79,0.1576903116916879,0.11333333333333329,0.1576903116916879,0.13076923076923072,0.6733741978601239,0.1384915097561304,False
no_error,2,13.8,0.8452796644390866,0.8255162854259709,0.8136473529288684,"(32.09, 35.22]",79,0.15472033556091336,0.12000000000000005,0.15472033556091336,0.13846153846153852,0.6589695610938733,0.14323784316187094,False
no_error,2,13.9,0.8481380520494625,0.8287057287301132,0.817025766725797,"(32.09, 35.22]",79,0.15186194795053753,0.12666666666666668,0.15186194795053753,0.14615384615384616,0.6451061381397377,0.14760148061099326,False
no_error,2,14.0,0.8508860303104722,0.831762356940388,0.8202610842904307,"(32.09, 35.22]",79,0.14911396968952784,0.13333333333333333,0.14911396968952784,0.15384615384615383,0.631778209917946,0.1515864661035856,False
no_error,2,14.1,0.853525007926395,0.8346874791967679,0.8233544977557687,"(32.09, 35.22]",79,0.14647499207360504,0.13999999999999999,0.14647499207360504,0.16153846153846152,0.6189789440929644,0.15519763083043508,False
no_error,2,14.2,0.85605662179335,0.8374826599455775,0.8263074754245118,"(32.09, 35.22]",79,0.14394337820665004,0.1466666666666666,0.1466666666666666,0.16923076923076916,0.6067004015794326,0.15844058857263654,False
no_error,2,14.3,0.8584827087149675,0.8401496871238971,0.8291217241189216,"(32.09, 35.22]",79,0.14151729128503254,0.15333333333333338,0.15333333333333338,0.17692307692307696,0.5949336737235635,0.1613216386996939,False
no_error,2,14.4,0.8608052874933941,0.8426905483001789,0.8317991662111285,"(32.09, 35.22]",79,0.13919471250660587,0.16000000000000003,0.16000000000000003,0.18461538461538465,0.5836689691632905,0.1638477047501218,False
no_error,2,14.5,0.863026557521975,0.845107429788393,0.8343419341920858,"(32.09, 35.22]",79,0.136973442478025,0.16666666666666666,0.16666666666666666,0.1923076923076923,0.5728956206538793,0.16602632960500824,False
no_error,2,14.6,0.8651488603789276,0.8474027339813781,0.8367524191849824,"(32.09, 35.22]",79,0.13485113962107242,0.1733333333333333,0.1733333333333333,0.19999999999999996,0.5626022713418749,0.16786554377244425,False
no_error,2,14.7,0.8671744388850103,0.8495795472108281,0.8390340678385667,"(32.09, 35.22]",79,0.13282556111498967,0.17999999999999997,0.17999999999999997,0.20769230769230765,0.5527780433558953,0.16937303906904888,False
no_error,2,14.8,0.8691055199840373,0.8516414459409348,0.8411910607670697,"(32.09, 35.22]",79,0.1308944800159627,0.1866666666666667,0.1866666666666667,0.21538461538461542,0.5434121358290894,0.17055645286101517,False
no_error,2,14.9,0.8709444713933865,0.853592112878421,0.8432276776730105,"(32.09, 35.22]",79,0.1290555286066135,0.19333333333333336,0.19333333333333336,0.2230769230769231,0.5344930651308506,0.1714239053014179,False
no_error,2,15.0,0.8726937782018962,0.8554353061438921,0.8451482640431727,"(32.09, 35.22]",79,0.1273062217981038,0.2,0.2,0.23076923076923078,0.5260087783690105,0.17198391907204208,False
no_error,2,15.1,0.8743560341519588,0.8571748546891887,0.846957224825625,"(32.09, 35.22]",79,0.12564396584804116,0.20666666666666664,0.20666666666666664,0.23846153846153842,0.5179466956724245,0.1722453894850806,True
no_error,2,15.2,0.8759339413275508,0.8588146634938344,0.8486590311083283,"(32.09, 35.22]",79,0.12406605867244924,0.2133333333333333,0.2133333333333333,0.24615384615384608,0.5102937117040535,0.1722175834132235,False
no_error,2,15.3,0.8774302869683699,0.8603586884021127,0.8502581996569614,"(32.09, 35.22]",79,0.12256971303163011,0.22000000000000006,0.22000000000000006,0.2538461538461539,0.5030363081143685,0.17191005977309304,False
no_error,2,15.4,0.8788479316941498,0.8618109334188606,0.8517592871656381,"(32.09, 35.22]",79,0.12115206830585024,0.22666666666666668,0.22666666666666668,0.26153846153846155,0.4961606106544281,0.17133262914019984,False
no_error,2,15.5,0.8801898114794304,0.863175452156824,0.8531668972364399,"(32.09, 35.22]",79,0.11981018852056957,0.23333333333333334,0.23333333333333334,0.2692307692307692,0.48965237959807234,0.1704953605214737,False
no_error,2,15.6,0.881458923396207,0.8644563410942132,0.854485670076807,"(32.09, 35.22]",79,0.11854107660379298,0.23999999999999996,0.23999999999999996,0.2769230769230769,0.4834970788912888,0.16940853245927848,False
no_error,2,15.7,0.8826583112380593,0.8656577235953,0.8557202712301281,"(32.09, 35.22]",79,0.11734168876194073,0.24666666666666662,0.24666666666666662,0.28461538461538455,0.4776799458764072,0.16808258372896123,False
no_error,2,15.8,0.8837910655886341,0.8667837561376062,0.8568753985930775,"(32.09, 35.22]",79,0.11620893441136593,0.25333333333333335,0.25333333333333335,0.2923076923076923,0.47218599095995306,0.16652811357371483,False
no_error,2,15.9,0.8848603189332679,0.8678386278800193,0.8579557789998185,"(32.09, 35.22]",79,0.11513968106673211,0.26,0.26,0.3,0.46700002132169477,0.16475586493975064,False
no_error,2,16.0,0.8858692303912162,0.8688265439596767,0.8589661606735489,"(32.09, 35.22]",79,0.11413076960878377,0.26666666666666666,0.26666666666666666,0.30769230769230765,0.4621067149646285,0.1627766721150512,False
no_error,2,16.1,0.8868209827742878,0.8697517295898587,0.859911306100858,"(32.09, 35.22]",79,0.11317901722571222,0.27333333333333343,0.27333333333333343,0.3153846153846155,0.45749063498085313,0.16060145064187392,False
no_error,2,16.2,0.8877187827155166,0.8706184283889348,0.8607960039335253,"(32.09, 35.22]",79,0.11228121728448337,0.27999999999999997,0.27999999999999997,0.32307692307692304,0.4531362289274987,0.1582411977580365,False
no_error,2,16.3,0.8885658474249778,0.8714308946184216,0.8616250517542634,"(32.09, 35.22]",79,0.1114341525750222,0.28666666666666674,0.28666666666666674,0.3307692307692308,0.44902789306214763,0.15570694697561388,False
no_error,2,16.4,0.889365399151516,0.8721933864729225,0.8624032548766241,"(32.09, 35.22]",79,0.11063460084848398,0.2933333333333332,0.2933333333333332,0.3384615384615383,0.44514999920392057,0.15300974908728388,False
no_error,2,16.5,0.8901206651828801,0.8729101710325489,0.8631354291213513,"(32.09, 35.22]",79,0.10987933481711987,0.3,0.3,0.34615384615384615,0.4414868947328249,0.15016067216678605,False
no_error,2,16.6,0.8908348688754546,0.8735855119174556,0.8638263892358831,"(32.09, 35.22]",79,0.1091651311245454,0.30666666666666675,0.30666666666666675,0.3538461538461539,0.4380229460963195,0.14717077080513669,False
no_error,2,16.7,0.8915112213264196,0.8742236644482293,0.8644809451112044,"(32.09, 35.22]",79,0.10848877867358042,0.3133333333333333,0.3133333333333333,0.3615384615384615,0.43474257920004644,0.14405105755006706,False
no_error,2,16.8,0.8921529198655267,0.8748288742715403,0.8651038974684623,"(32.09, 35.22]",79,0.1078470801344733,0.32000000000000006,0.32000000000000006,0.3692307692307693,0.431630286722847,0.14081249773352636,False
no_error,2,16.9,0.8927631407833619,0.8754053689711798,0.865700030555279,"(32.09, 35.22]",79,0.10723685921663806,0.32666666666666655,0.32666666666666655,0.37692307692307675,0.4286706633853044,0.1374659845330567,False
no_error,2,17.0,0.8933450312086256,0.8759573504993379,0.8662741047870987,"(32.09, 35.22]",79,0.10665496879137437,0.3333333333333333,0.3333333333333333,0.3846153846153846,0.4258484453456272,0.13402231111469504,False
no_error,2,17.1,0.8939017042657875,0.8764889895950067,0.866830846019928,"(32.09, 35.22]",79,0.10609829573421248,0.3400000000000001,0.3400000000000001,0.3923076923076924,0.4231485336854335,0.1304921540260184,False
no_error,2,17.2,0.8944362323170819,0.877004415288804,0.8673749401276163,"(32.09, 35.22]",79,0.10556376768291809,0.3466666666666666,0.3466666666666666,0.3999999999999999,0.4205560271866491,0.12688605001937497,False
no_error,2,17.3,0.8949516385510922,0.8775077095550794,0.8679110216630374,"(32.09, 35.22]",79,0.10504836144890783,0.3533333333333334,0.3533333333333334,0.40769230769230774,0.41805626312758826,0.12321436720469897,False
no_error,2,17.4,0.8954508913179597,0.878002894582432,0.8684436617758102,"(32.09, 35.22]",79,0.10454910868204026,0.35999999999999993,0.35999999999999993,0.4153846153846153,0.4156348447576711,0.11948728562195296,False
no_error,2,17.5,0.8959368955282876,0.878493927013814,0.8689773598468895,"(32.09, 35.22]",79,0.10406310447171241,0.36666666666666664,0.36666666666666664,0.423076923076923,0.4132776830134737,0.11571476774342423,False
no_error,2,17.6,0.8964124836770877,0.8789846817565076,0.8695165258634119,"(32.09, 35.22]",79,0.1035875163229123,0.3733333333333334,0.3733333333333334,0.43076923076923085,0.4109710400533457,0.1119065276901026,False
no_error,2,17.7,0.8968804104367574,0.8794789475454424,0.8700654752758558,"(32.09, 35.22]",79,0.10311958956324263,0.37999999999999995,0.37999999999999995,0.4384615384615384,0.40870155548193526,0.10807201268814104,False
no_error,2,17.8,0.8973433431476054,0.8799804112952271,0.8706284093301392,"(32.09, 35.22]",79,0.10265665685239456,0.3866666666666667,0.3866666666666667,0.4461538461538462,0.406456292471945,0.10422037045584821,False
no_error,2,17.9,0.8978038508821224,0.8804926459633675,0.8712094034032187,"(32.09, 35.22]",79,0.10219614911787755,0.39333333333333326,0.39333333333333326,0.45384615384615373,0.40422279080335194,0.10036041169929771,False
no_error,2,18.0,0.8982643995640358,0.8810191008243806,0.8718123919639704,"(32.09, 35.22]",79,0.10173560043596419,0.4,0.4,0.46153846153846156,0.4019890905364049,0.09650059337298984,False
no_error,2,18.1,0.8987273443232566,0.881563091976207,0.8724411580142374,"(32.09, 35.22]",79,0.10127265567674337,0.4066666666666668,0.4066666666666668,0.46923076923076934,0.3997437690907823,0.0926489924609289,False
no_error,2,18.2,0.8991949759771308,0.8821278073276867,0.8730993188386293,"(32.09, 35.22]",79,0.10080502402286917,0.4133333333333333,0.4133333333333333,0.47692307692307684,0.3974757158075722,0.0888134653853752,False
no_error,2,18.3,0.8996704775357608,0.8827167220419618,0.8737904407714144,"(32.09, 35.22]",79,0.10032952246423921,0.42000000000000004,0.42000000000000004,0.48461538461538467,0.3951694928171321,0.08500492836863935,False
no_error,2,18.4,0.900157727528951,0.8833335048740588,0.874518002555216,"(32.09, 35.22]",79,0.09984227247104904,0.4266666666666666,0.4266666666666666,0.49230769230769217,0.3928062889201257,0.08123668293733498,False
no_error,2,18.5,0.9006604647541984,0.8839816437573588,0.8752852766127045,"(32.09, 35.22]",79,0.09933953524580164,0.43333333333333335,0.43333333333333335,0.5,0.39036797063078876,0.077521551402212,False
no_error,2,18.6,0.901182348167586,0.8846645326963656,0.876095426843034,"(32.09, 35.22]",79,0.09881765183241398,0.4400000000000001,0.4400000000000001,0.5076923076923078,0.387836791701004,0.07387208225565509,False
no_error,2,18.7,0.901726905778469,0.8853854062851919,0.8769514421087107,"(32.09, 35.22]",79,0.09827309422153097,0.4466666666666666,0.4466666666666666,0.5153846153846153,0.38519564098541853,0.07030037490457715,False
no_error,2,18.8,0.9022974610520299,0.8861472607521902,0.8778560496183516,"(32.09, 35.22]",79,0.0977025389479701,0.45333333333333337,0.45333333333333337,0.5230769230769231,0.3824283993953086,0.06681782726592103,False
no_error,2,18.9,0.9028971174456887,0.8869528320947588,0.8788116961499408,"(32.09, 35.22]",79,0.09710288255431132,0.4599999999999999,0.4599999999999999,0.5307692307692307,0.37952001489830534,0.06343508273384574,False
no_error,2,19.0,0.9035287574421172,0.887804596324392,0.8798205431056388,"(32.09, 35.22]",79,0.09647124255788275,0.4666666666666667,0.4666666666666667,0.5384615384615384,0.3764565072083575,0.060162026863420766,False
no_error,2,19.1,0.9041950315151167,0.8887047546411241,0.8808844576404435,"(32.09, 35.22]",79,0.09580496848488329,0.47333333333333344,0.47333333333333344,0.5461538461538462,0.3732250213021645,0.05700774952879427,False
no_error,2,19.2,0.9048983403430532,0.8896552173501833,0.8820049923465174,"(32.09, 35.22]",79,0.09510165965694684,0.4799999999999999,0.4799999999999999,0.5538461538461538,0.36981391368552513,0.053980483923672905,False
no_error,2,19.3,0.9056408348196017,0.8906576011844791,0.8831833839444491,"(32.09, 35.22]",79,0.09435916518039833,0.4866666666666667,0.4866666666666667,0.5615384615384615,0.36621275234122863,0.05108760659816759,False
no_error,2,19.4,0.9064244109022569,0.891713224912907,0.8844205523064438,"(32.09, 35.22]",79,0.0935755890977431,0.49333333333333323,0.49333333333333323,0.5692307692307691,0.3624123417142158,0.04833561979161769,False
no_error,2,19.5,0.9072506937445515,0.8928230963836139,0.8857170835091807,"(32.09, 35.22]",79,0.09274930625544853,0.5,0.5,0.5769230769230769,0.3584047996716693,0.04573009701358823,False
no_error,2,19.6,0.9081210354570239,0.893987906984442,0.887073231188445,"(32.09, 35.22]",79,0.09187896454297606,0.5066666666666667,0.5066666666666667,0.5846153846153846,0.35418356836250964,0.04327567536504771,False
no_error,2,19.7,0.9090365181694263,0.8952080422567052,0.888488922728615,"(32.09, 35.22]",79,0.09096348183057368,0.5133333333333333,0.5133333333333333,0.5923076923076923,0.3497433993654278,0.04097606604029439,False
no_error,2,19.8,0.9099979438953888,0.8964835674247011,0.8899637520354596,"(32.09, 35.22]",79,0.0900020561046112,0.52,0.52,0.6,0.3450804028461237,0.038834019567539416,False
no_error,2,19.9,0.9110058299512914,0.8978142295183755,0.8914969795796733,"(32.09, 35.22]",79,0.08899417004870858,0.5266666666666666,0.5266666666666666,0.6076923076923076,0.3401920697761673,0.036851310097799767,False
no_error,2,20.0,0.9120604184945073,0.8991994699192791,0.8930875458774308,"(32.09, 35.22]",79,0.08793958150549275,0.5333333333333333,0.5333333333333333,0.6153846153846153,0.3350772256717092,0.03502876811656998,False
no_error,2,20.1,0.9131616760711014,0.9006384239590802,0.8947340792697499,"(32.09, 35.22]",79,0.08683832392889856,0.5400000000000001,0.5400000000000001,0.6230769230769232,0.32973603278717795,0.033366278892643035,False
no_error,2,20.2,0.9143092880493008,0.9021299214077632,0.8964348926245043,"(32.09, 35.22]",79,0.08569071195069922,0.5466666666666666,0.5466666666666666,0.6307692307692307,0.32417001711342613,0.03186276338753943,False
no_error,2,20.3,0.9155026726997576,0.9036725038326627,0.8981880041479818,"(32.09, 35.22]",79,0.0844973273002424,0.5533333333333333,0.5533333333333333,0.6384615384615384,0.31838200008725354,0.03051622654416508,False
no_error,2,20.4,0.9167409899438158,0.9052644382794136,0.8999911560308609,"(32.09, 35.22]",79,0.08325901005618419,0.5599999999999999,0.5599999999999999,0.6461538461538461,0.3123760561615725,0.02932378728923607,False
no_error,2,20.5,0.9180231401540764,0.9069037178472255,0.9018418155224536,"(32.09, 35.22]",79,0.08197685984592362,0.5666666666666667,0.5666666666666667,0.6538461538461539,0.30615751862276785,0.028281674419783662,False
no_error,2,20.6,0.9193477785746472,0.908588083045366,0.9037371996577224,"(32.09, 35.22]",79,0.08065222142535278,0.5733333333333335,0.5733333333333335,0.6615384615384616,0.29973290965125843,0.027385276057805635,False
no_error,2,20.7,0.9207133320322183,0.9103150430924786,0.9056742982112848,"(32.09, 35.22]",79,0.07928666796778172,0.58,0.58,0.6692307692307692,0.29310985927136235,0.02662919696136618,False
no_error,2,20.8,0.9221180060077707,0.9120818859340254,0.9076498899931892,"(32.09, 35.22]",79,0.07788199399222928,0.5866666666666667,0.5866666666666667,0.6769230769230768,0.2862970710529058,0.02600728277722043,False
no_error,2,20.9,0.9235597965075993,0.9138856964010084,0.909660557136626,"(32.09, 35.22]",79,0.07644020349240066,0.5933333333333333,0.5933333333333333,0.6846153846153845,0.27930426453575513,0.025512660752819,False
no_error,2,21.0,0.9250365136981095,0.9157233844089236,0.9117027232975298,"(32.09, 35.22]",79,0.07496348630189054,0.6,0.6,0.6923076923076923,0.27214206059904233,0.025137820792505296,False
no_error,2,21.1,0.9265457959165637,0.9175917044034162,0.9137726693174842,"(32.09, 35.22]",79,0.07345420408343628,0.6066666666666668,0.6066666666666668,0.7000000000000002,0.2648219135078519,0.02487466350776469,False
no_error,2,21.2,0.9280851214185255,0.9194872701919836,0.9158665555320488,"(32.09, 35.22]",79,0.0719148785814745,0.6133333333333333,0.6133333333333333,0.7076923076923076,0.25735605393712085,0.024714540505411015,False
no_error,2,21.3,0.929651834027449,0.9214065859842974,0.9179804517678124,"(32.09, 35.22]",79,0.070348165972551,0.62,0.62,0.7153846153846154,0.24975736456894662,0.024648342353572928,False
no_error,2,21.4,0.9312431626575784,0.9233460717622904,0.9201103670316336,"(32.09, 35.22]",79,0.06875683734242155,0.6266666666666666,0.6266666666666666,0.723076923076923,0.2420392854048653,0.024666565536025295,False
no_error,2,21.5,0.932856235280804,0.9253020789878483,0.9222522670997004,"(32.09, 35.22]",79,0.06714376471919603,0.6333333333333333,0.6333333333333333,0.7307692307692307,0.23421574602541348,0.024759360351911383,False
no_error,2,21.6,0.9344881023502897,0.9272709199405827,0.9244021033597608,"(32.09, 35.22]",79,0.06551189764971033,0.6400000000000001,0.6400000000000001,0.7384615384615386,0.2263010519835401,0.024916611247732475,False
no_error,2,21.7,0.9361357593567793,0.9292488926473875,0.9265558436388256,"(32.09, 35.22]",79,0.06386424064322072,0.6466666666666666,0.6466666666666666,0.7461538461538461,0.21830977540460644,0.02512801417482971,False
no_error,2,21.8,0.9377961633722546,0.9312323019399092,0.9287094905251176,"(32.09, 35.22]",79,0.062203836627745424,0.6533333333333334,0.6533333333333334,0.7538461538461539,0.21025667474823584,0.025383133326322815,False
no_error,2,21.9,0.9394662524864007,0.9332174806476465,0.930859108051298,"(32.09, 35.22]",79,0.0605337475135993,0.6599999999999999,0.6599999999999999,0.7615384615384614,0.20215660053980433,0.025671467795014953,False
no_error,2,22.0,0.9411427519922383,0.9352006603720487,0.9330007253239074,"(32.09, 35.22]",79,0.05885724800776171,0.6666666666666666,0.6666666666666666,0.7692307692307692,0.19402543538660452,0.025981786881586,False
no_error,2,22.1,0.9428217418372251,0.937177669799093,0.9351301161155956,"(32.09, 35.22]",79,0.057178258162774886,0.6733333333333335,0.6733333333333335,0.776923076923077,0.1858821918767817,0.026300646656030744,False
no_error,2,22.2,0.9444992859843466,0.9391443949433116,0.9372431531563068,"(32.09, 35.22]",79,0.055500714015653374,0.6799999999999999,0.6799999999999999,0.7846153846153845,0.17774596012453084,0.026614548369148602,False
no_error,2,22.3,0.9461716011966422,0.9410969054090537,0.9393359126055773,"(32.09, 35.22]",79,0.05382839880335777,0.6866666666666668,0.6866666666666668,0.7923076923076924,0.169635089150793,0.026910517303803432,False
no_error,2,22.4,0.9478350798103886,0.943031480734139,0.941404696517078,"(32.09, 35.22]",79,0.052164920189611386,0.6933333333333332,0.6933333333333332,0.7999999999999998,0.16156707643137977,0.027176180876195756,False
no_error,2,22.5,0.9494863137136867,0.9449446301704069,0.9434460563899756,"(32.09, 35.22]",79,0.05051368628631325,0.7,0.7,0.8076923076923076,0.15355845159878737,0.02739985087109659,False
no_error,2,22.6,0.9511220997653659,0.9468331020126574,0.9454567968756902,"(32.09, 35.22]",79,0.04887790023463412,0.7066666666666668,0.7066666666666668,0.8153846153846155,0.1456247501600515,0.027570542026131822,False
no_error,2,22.7,0.9527394439264698,0.9486938822370039,0.9474339777126924,"(32.09, 35.22]",79,0.04726055607353019,0.7133333333333333,0.7133333333333333,0.8230769230769229,0.13778049345868784,0.027677986200830066,False
no_error,2,22.8,0.9543355645563457,0.9505241990211697,0.949374915259359,"(32.09, 35.22]",79,0.04566443544365428,0.7200000000000001,0.7200000000000001,0.8307692307692308,0.13003917268838064,0.02771264368065021,False
no_error,2,22.9,0.9559078992745997,0.952321527055398,0.951277185717572,"(32.09, 35.22]",79,0.04409210072540026,0.7266666666666666,0.7266666666666666,0.8384615384615384,0.12241321561191502,0.02766572671025248,False
no_error,2,23.0,0.9574541091782932,0.954083591456256,0.9531386297117116,"(32.09, 35.22]",79,0.04254589082170679,0.7333333333333333,0.7333333333333333,0.846153846153846,0.11491396610741639,0.027529213956489138,False
no_error,2,23.1,0.9589720799773037,0.9558083676040879,0.9549573473121458,"(32.09, 35.22]",79,0.041027920022696285,0.7400000000000001,0.7400000000000001,0.8538461538461539,0.10755167866175296,0.027295854402157937,False
no_error,2,23.2,0.9604599244497052,0.9574940810206936,0.9567317020661912,"(32.09, 35.22]",79,0.03954007555029482,0.7466666666666666,0.7466666666666666,0.8615384615384615,0.1003355064617334,0.026959175766797516,False
no_error,2,23.3,0.9619159797016107,0.9591392038907604,0.9584603120158048,"(32.09, 35.22]",79,0.03808402029838931,0.7533333333333334,0.7533333333333334,0.8692307692307693,0.09327351468410235,0.026513475109239768,False
no_error,2,23.4,0.9633388030875918,0.960742448717425,0.9601420438985354,"(32.09, 35.22]",79,0.03666119691240821,0.7599999999999999,0.7599999999999999,0.8769230769230768,0.08637270028185343,0.025953804836575705,False
no_error,2,23.5,0.9647271692336148,0.9623027640333138,0.9617760077001432,"(32.09, 35.22]",79,0.03527283076638521,0.7666666666666667,0.7666666666666667,0.8846153846153847,0.07963900642324151,0.025275962494230034,False
no_error,2,23.6,0.9660800634037577,0.9638193256609433,0.9633615463036564,"(32.09, 35.22]",79,0.03391993659624226,0.7733333333333334,0.7733333333333334,0.8923076923076924,0.07307735466376931,0.02447646801693328,False
no_error,2,23.7,0.9673966722654439,0.9652915250269726,0.9648982231725698,"(32.09, 35.22]",79,0.0326033277345561,0.7799999999999999,0.7799999999999999,0.8999999999999999,0.06669168973559028,0.02355253205782968,False
no_error,2,23.8,0.9686763765179035,0.9667189610876734,0.966385811895342,"(32.09, 35.22]",79,0.031323623482096496,0.7866666666666667,0.7866666666666667,0.9076923076923077,0.06048501530009593,0.022502030707580598,False
no_error,2,23.9,0.9699187426348441,0.9681014290922986,0.9678242857175772,"(32.09, 35.22]",79,0.030081257365155878,0.7933333333333332,0.7933333333333332,0.9153846153846152,0.05445943399666649,0.021323477175622323,False
no_error,2,24.0,0.9711235097599867,0.9694389059229801,0.9692138001234412,"(32.09, 35.22]",79,0.028876490240013264,0.8,0.8,0.9230769230769231,0.04861621100043537,0.020015976848038224,False
no_error,2,24.1,0.9722905792054652,0.9707315383016797,0.9705546810075752,"(32.09, 35.22]",79,0.027709420794534756,0.8066666666666668,0.8066666666666668,0.9307692307692308,0.042955824955944445,0.018579191272027267,False
no_error,2,24.2,0.9734200055679231,0.971979631772118,0.9718474116090704,"(32.09, 35.22]",79,0.026579994432076925,0.8133333333333332,0.8133333333333332,0.9384615384615383,0.037478011064830806,0.017013307688307427,False
no_error,2,24.3,0.9745119825350375,0.9731836345471823,0.973092617075091,"(32.09, 35.22]",79,0.025488017464962542,0.8200000000000001,0.8200000000000001,0.9461538461538462,0.03218182992539097,0.015318990354193297,False
no_error,2,24.4,0.9755668299787775,0.9743441234089636,0.9742866187373004,"(32.09, 35.22]",79,0.024433170021222472,0.8266666666666665,0.8266666666666665,0.9538461538461537,0.027065730131376455,0.013497336279564018,False
no_error,2,24.5,0.9765849851167399,0.9754622716435767,0.9754283560099124,"(32.09, 35.22]",79,0.023415014883260143,0.8333333333333334,0.8333333333333334,0.9615384615384616,0.022127591140268035,0.011549844914414112,False
no_error,2,24.6,0.9775669894036182,0.9765481667309438,0.976523345338676,"(32.09, 35.22]",79,0.02243301059638181,0.8400000000000001,0.8400000000000001,0.9692307692307693,0.017364786850762058,0.00947837319278394,False
no_error,2,24.7,0.9785134749537112,0.977584482957022,0.9775653558218452,"(32.09, 35.22]",79,0.021486525046288785,0.8466666666666666,0.8466666666666666,0.9769230769230768,0.012774251454762325,0.007285088968368193,False
no_error,2,24.8,0.9794251550457532,0.9785917931125783,0.9785658703452568,"(32.09, 35.22]",79,0.020574844954246774,0.8533333333333334,0.8533333333333334,0.9846153846153847,0.00835252548975861,0.004972438450566574,False
no_error,2,24.9,0.9803028142513835,0.9795530340816256,0.9795202311422028,"(32.09, 35.22]",79,0.019697185748616453,0.8599999999999999,0.8599999999999999,0.9923076923076921,0.004095803716589412,0.0025431123497948755,False
no_error,2,25.0,0.9811472950579464,0.9804543912483331,0.980434378656559,"(32.09, 35.22]",79,0.0188527049420536,0.8666666666666667,0.8666666666666667,1.0,0.0,0.0,False
no_error,3,12.0,0.611471119378587,0.48547886921574523,0.108497296937068,"(35.22, 46.88]",30,0.388528880621413,0.0,0.388528880621413,0.0,1.0,0.0,False
no_error,3,12.1,0.6182883349903282,0.4938616929412941,0.1130788543823894,"(35.22, 46.88]",30,0.3817116650096718,0.006666666666666643,0.3817116650096718,0.007692307692307664,0.9816367586876675,0.007545489524311051,False
no_error,3,12.2,0.6250245861029967,0.5021964141196685,0.1177925756629357,"(35.22, 46.88]",30,0.3749754138970033,0.013333333333333286,0.3749754138970033,0.015384615384615328,0.9634916079740311,0.014936765707371097,False
no_error,3,12.3,0.6316726406286087,0.5104721458722352,0.122637107035488,"(35.22, 46.88]",30,0.36832735937139127,0.02000000000000005,0.36832735937139127,0.023076923076923134,0.9455840286243181,0.022160053567985043,False
no_error,3,12.4,0.6382254520356312,0.5186780524122608,0.1276106636721024,"(35.22, 46.88]",30,0.3617745479643688,0.02666666666666669,0.3617745479643688,0.030769230769230795,0.9279330015783034,0.029201931554925023,False
no_error,3,12.5,0.6446762059043718,0.5268034235922956,0.1327110318987591,"(35.22, 46.88]",30,0.3553237940956282,0.03333333333333333,0.3553237940956282,0.03846153846153846,0.9105568825460508,0.03604942022113125,False
no_error,3,12.6,0.651018370706023,0.5348377538559779,0.1379355859794861,"(35.22, 46.88]",30,0.348981629293977,0.03999999999999997,0.348981629293977,0.04615384615384612,0.893473265226581,0.042690078942720124,False
no_error,3,12.7,0.6572457333274225,0.5427708084139782,0.1432813000589409,"(35.22, 46.88]",30,0.34275426667257747,0.04666666666666662,0.34275426667257747,0.053846153846153794,0.8766988856163472,0.049112073583109574,False
no_error,3,12.8,0.663352433073182,0.5505926771732887,0.1487447700146365,"(35.22, 46.88]",30,0.33664756692681796,0.05333333333333338,0.33664756692681796,0.06153846153846159,0.8602495304191601,0.0553042412569825,False
no_error,3,12.9,0.6693329969796125,0.5582938496351901,0.1543222408309139,"(35.22, 46.88]",30,0.33066700302038754,0.060000000000000026,0.33066700302038754,0.06923076923076926,0.8441399419225807,0.0612561575928344,False
no_error,3,13.0,0.6751823575388503,0.5658652533628533,0.16000963116104,"(35.22, 46.88]",30,0.32481764246114975,0.06666666666666667,0.32481764246114975,0.07692307692307691,0.8283837702552027,0.06695817049217254,False
no_error,3,13.1,0.6808958691195688,0.5732982962790795,0.1658025648742688,"(35.22, 46.88]",30,0.3191041308804312,0.0733333333333333,0.3191041308804312,0.08461538461538458,0.812993529154886,0.07240143140609821,False
no_error,3,13.2,0.6864693338744582,0.5805849266715638,0.1716964154195489,"(35.22, 46.88]",30,0.3135306661255418,0.07999999999999995,0.3135306661255418,0.09230769230769224,0.7979805261828892,0.07757794468136675,False
no_error,3,13.3,0.6918990022667136,0.5877176499361467,0.1776863365772046,"(35.22, 46.88]",30,0.30810099773328636,0.08666666666666671,0.30810099773328636,0.10000000000000005,0.7833548613056909,0.08248056856319129,False
no_error,3,13.4,0.6971815722125577,0.5946895485514337,0.1837673021535145,"(35.22, 46.88]",30,0.3028184277874423,0.09333333333333335,0.3028184277874423,0.10769230769230771,0.7691254292047406,0.08710301356200259,False
no_error,3,13.5,0.7023142029921189,0.601494324914675,0.1899341586194526,"(35.22, 46.88]",30,0.2976857970078811,0.1,0.2976857970078811,0.11538461538461539,0.7552998818053217,0.09143986894954352,False
no_error,3,13.6,0.707294509284501,0.6081263054211052,0.1961816688722703,"(35.22, 46.88]",30,0.292705490715499,0.10666666666666665,0.292705490715499,0.12307692307692304,0.7418846443440289,0.09548659139744729,False
no_error,3,13.7,0.712120543175227,0.6145804368981461,0.2025045496003369,"(35.22, 46.88]",30,0.287879456824773,0.11333333333333329,0.287879456824773,0.13076923076923072,0.7288849638345458,0.09923947070675716,False
no_error,3,13.8,0.7167907936497487,0.620852301746859,0.2088975246472185,"(35.22, 46.88]",30,0.28320920635025126,0.12000000000000005,0.28320920635025126,0.13846153846153852,0.7163049104319553,0.10269562884321351,False
no_error,3,13.9,0.7213041829155454,0.6269381279828758,0.2153553803758393,"(35.22, 46.88]",30,0.27869581708445457,0.12666666666666668,0.27869581708445457,0.14615384615384616,0.7041473873397457,0.10585301293194281,False
no_error,3,14.0,0.7256600350039304,0.6328347545370008,0.221872998190425,"(35.22, 46.88]",30,0.2743399649960696,0.13333333333333333,0.2743399649960696,0.15384615384615383,0.6924142153857769,0.10871033545321779,False
no_error,3,14.1,0.7298580617060446,0.6385396308052194,0.2284454021325233,"(35.22, 46.88]",30,0.2701419382939554,0.13999999999999999,0.2701419382939554,0.16153846153846152,0.6811061709058915,0.11126704745469959,False
no_error,3,14.2,0.7338983628228234,0.6440508188154295,0.2350678177739371,"(35.22, 46.88]",30,0.2661016371771766,0.1466666666666666,0.2661016371771766,0.16923076923076916,0.6702229850705904,0.11352333902755023,False
no_error,3,14.3,0.7377813901821965,0.6493669539812469,0.2417357020574432,"(35.22, 46.88]",30,0.26221860981780354,0.15333333333333338,0.26221860981780354,0.17692307692307696,0.6597634408103578,0.11548007076987728,False
no_error,3,14.4,0.7415079232692373,0.6544872223625244,0.2484447767486951,"(35.22, 46.88]",30,0.2584920767307627,0.16000000000000003,0.2584920767307627,0.18461538461538465,0.6497254384596819,0.11713872736940248,False
no_error,3,14.5,0.7450790668602576,0.659411354875225,0.2551910829212818,"(35.22, 46.88]",30,0.2549209331397424,0.16666666666666666,0.2549209331397424,0.1923076923076923,0.6401060021299946,0.11850141309711243,False
no_error,3,14.6,0.7484963648430973,0.6641398150032694,0.2619709986387248,"(35.22, 46.88]",30,0.25150363515690266,0.1733333333333333,0.25150363515690266,0.19999999999999996,0.6309009731168363,0.11957106860113134,False
no_error,3,14.7,0.7517633898210797,0.6686763367053373,0.2687810812807502,"(35.22, 46.88]",30,0.2482366101789203,0.17999999999999997,0.2482366101789203,0.20769230769230765,0.6221007280518596,0.12035449863047566,False
no_error,3,14.8,0.7548851272882315,0.6730269667965113,0.2756181575272247,"(35.22, 46.88]",30,0.24511487271176846,0.1866666666666667,0.24511487271176846,0.21538461538461542,0.6136918377236252,0.12086119907161987,False
no_error,3,14.9,0.7578667531622479,0.6771981327274268,0.2824794731847335,"(35.22, 46.88]",30,0.24213324683775206,0.19333333333333336,0.24213324683775206,0.2230769230769231,0.6056603599846261,0.12110102851161077,True
no_error,3,15.0,0.7607135802093331,0.6811965618519836,0.2893626981641664,"(35.22, 46.88]",30,0.2392864197906669,0.2,0.2392864197906669,0.23076923076923078,0.597991984064395,0.12108410619328958,False
no_error,3,15.1,0.7634310532531625,0.6850292548141435,0.2962659461375487,"(35.22, 46.88]",30,0.23656894674683748,0.20666666666666664,0.23656894674683748,0.23846153846153842,0.5906720434749184,0.12082080288978696,False
no_error,3,15.2,0.7660247562008725,0.6887034941034612,0.303187810022794,"(35.22, 46.88]",30,0.23397524379912749,0.2133333333333333,0.23397524379912749,0.24615384615384608,0.5836854970850291,0.12032175428694786,False
no_error,3,15.3,0.7685003863522687,0.6922267916183749,0.3101273503657517,"(35.22, 46.88]",30,0.2314996136477313,0.22000000000000006,0.2314996136477313,0.2538461538461539,0.5770169983225905,0.11959781204999807,False
no_error,3,15.4,0.7708637450169117,0.6956068726649679,0.3170840962766811,"(35.22, 46.88]",30,0.22913625498308832,0.22666666666666668,0.22913625498308832,0.26153846153846155,0.5706509204488489,0.11866002595187816,False
no_error,3,15.5,0.773120745016234,0.6988516746312637,0.3240580686778864,"(35.22, 46.88]",30,0.22687925498376604,0.23333333333333334,0.23333333333333334,0.2692307692307692,0.5645713363503048,0.11751965816254845,False
no_error,3,15.6,0.7752773966607484,0.7019693141344122,0.3310497684023185,"(35.22, 46.88]",30,0.22472260333925165,0.23999999999999996,0.23999999999999996,0.2769230769230769,0.5587620563113034,0.11618815653973377,False
no_error,3,15.7,0.7773397925380308,0.7049680635376298,0.3380601581369549,"(35.22, 46.88]",30,0.22266020746196924,0.24666666666666662,0.24666666666666662,0.28461538461538455,0.5532066689899945,0.11467712565454487,False
no_error,3,15.8,0.7793141105030034,0.7078563461937959,0.3450906666413032,"(35.22, 46.88]",30,0.22068588949699663,0.25333333333333335,0.25333333333333335,0.2923076923076923,0.5478885333635338,0.1129983324870807,False
no_error,3,15.9,0.7812066105936839,0.710642715971849,0.3521431810361979,"(35.22, 46.88]",30,0.2187933894063161,0.26,0.26,0.3,0.5427907870359974,0.11116370055184636,False
no_error,3,16.0,0.7830236157188508,0.713335833245727,0.359220011787037,"(35.22, 46.88]",30,0.21697638428114918,0.26666666666666666,0.26666666666666666,0.30769230769230765,0.5378963982591896,0.1091852731134863,False
no_error,3,16.1,0.7847715094702031,0.7159444485978692,0.366323881906321,"(35.22, 46.88]",30,0.21522849052979687,0.27333333333333343,0.27333333333333343,0.3153846153846155,0.5331881718259343,0.10707520901959856,False
no_error,3,16.2,0.7864567365081488,0.7184773985701415,0.3734579130724447,"(35.22, 46.88]",30,0.21354326349185115,0.27999999999999997,0.27999999999999997,0.32307692307692304,0.5286487480308931,0.10484578343554761,False
no_error,3,16.3,0.7880857844472522,0.7209435723717348,0.3806255883428183,"(35.22, 46.88]",30,0.2119142155527478,0.28666666666666674,0.28666666666666674,0.3307692307692308,0.5242606514649591,0.10250935334161665,False
no_error,3,16.4,0.7896651751581975,0.7233518973116569,0.387830722630671,"(35.22, 46.88]",30,0.21033482484180255,0.2933333333333332,0.2933333333333332,0.3384615384615383,0.5200063144447844,0.10007834096583111,False
no_error,3,16.5,0.7912014629599416,0.7257113288033109,0.3950774424441327,"(35.22, 46.88]",30,0.20879853704005835,0.3,0.3,0.34615384615384615,0.5158680818824999,0.09756523034054516,False
no_error,3,16.6,0.7927012195404639,0.7280308249350025,0.4023701459305849,"(35.22, 46.88]",30,0.2072987804595361,0.30666666666666675,0.30666666666666675,0.3538461538461539,0.5118282519040471,0.09498253858094555,False
no_error,3,16.7,0.794171019485301,0.7303193229775261,0.4097134626111496,"(35.22, 46.88]",30,0.205828980514699,0.3133333333333333,0.3133333333333333,0.3615384615384615,0.5078691148303405,0.09234278832120647,False
no_error,3,16.8,0.7956174333835303,0.7325857271234327,0.417112222269888,"(35.22, 46.88]",30,0.2043825666164697,0.32000000000000006,0.32000000000000006,0.3692307692307693,0.5039729717473858,0.0896584945834325,False
no_error,3,16.9,0.7970470135016203,0.7348388826718717,0.4245714125925588,"(35.22, 46.88]",30,0.20295298649837967,0.32666666666666655,0.32666666666666655,0.37692307692307675,0.5001221730960146,0.08694213749059704,False
no_error,3,17.0,0.7984662762542662,0.7370875551397842,0.4320961336808594,"(35.22, 46.88]",30,0.20153372374573375,0.3333333333333333,0.3333333333333333,0.3846153846153846,0.49629916588944245,0.08420612887868492,False
no_error,3,17.1,0.7998816898783989,0.7393404034881031,0.439691556717373,"(35.22, 46.88]",30,0.20011831012160108,0.3400000000000001,0.3400000000000001,0.3923076923076924,0.49248652691526273,0.08146278881933922,False
no_error,3,17.2,0.8012996566139994,0.7416059615841413,0.4473628763535715,"(35.22, 46.88]",30,0.19870034338600062,0.3466666666666666,0.3466666666666666,0.3999999999999999,0.4886670107342216,0.07872431167960108,False
no_error,3,17.3,0.8027264946772994,0.743892607890392,0.4551152610661426,"(35.22, 46.88]",30,0.1972735053227006,0.3533333333333334,0.3533333333333334,0.40769230769230774,0.4848235982382353,0.0760027317862058,False
no_error,3,17.4,0.8041684208224582,0.7462085426924538,0.462953807941336,"(35.22, 46.88]",30,0.1958315791775418,0.35999999999999993,0.35999999999999993,0.4153846153846153,0.48093954362325303,0.0733098902107545,False
no_error,3,17.5,0.8056315296871264,0.7485617597631583,0.4708834859800801,"(35.22, 46.88]",30,0.19436847031287363,0.36666666666666664,0.36666666666666664,0.423076923076923,0.4769984300252262,0.07065739542914165,False
no_error,3,17.6,0.8071217717093199,0.750960015506058,0.4789090850183093,"(35.22, 46.88]",30,0.19287822829068013,0.3733333333333334,0.3733333333333334,0.43076923076923085,0.4729842290044772,0.06805658125975485,False
no_error,3,17.7,0.8086449349568177,0.753410805664341,0.4870351647325505,"(35.22, 46.88]",30,0.19135506504318234,0.37999999999999995,0.37999999999999995,0.4384615384615384,0.46888134949107213,0.0655184722538708,False
no_error,3,17.8,0.8102066214177118,0.7559213330776486,0.4952659979550164,"(35.22, 46.88]",30,0.18979337858228817,0.3866666666666667,0.3866666666666667,0.4461538461538462,0.464674701649949,0.06305373853618844,False
no_error,3,17.9,0.8118122200950485,0.7584984718679308,0.5036055077711313,"(35.22, 46.88]",30,0.1881877799049515,0.39333333333333326,0.39333333333333326,0.45384615384615373,0.4603497693547294,0.060672644558106864,False
no_error,3,18.0,0.8134668891537664,0.7611487457470528,0.5120572224988692,"(35.22, 46.88]",30,0.18653311084623359,0.4,0.4,0.46153846153846156,0.45589265827774433,0.05838501509294039,False
no_error,3,18.1,0.815175532875101,0.7638782946866784,0.5206242156786062,"(35.22, 46.88]",30,0.18482446712489897,0.4066666666666668,0.4066666666666668,0.46923076923076934,0.45129015796696786,0.05620019134089928,False
no_error,3,18.2,0.8169427194977755,0.7666927235145093,0.5293089906161361,"(35.22, 46.88]",30,0.18305728050222447,0.4133333333333333,0.4133333333333333,0.47692307692307684,0.4465299631536767,0.054126874440942406,False
no_error,3,18.3,0.8187718940345604,0.7695953203345639,0.5381126503375396,"(35.22, 46.88]",30,0.1812281059654396,0.42000000000000004,0.42000000000000004,0.48461538461538467,0.441602794154723,0.05217162611995049,False
no_error,3,18.4,0.8206655210491351,0.7725874123899791,0.547035002130124,"(35.22, 46.88]",30,0.17933447895086485,0.4266666666666666,0.4266666666666666,0.49230769230769217,0.43650201228062496,0.05033914064027455,False
no_error,3,18.5,0.8226257418648331,0.7756698901918762,0.556075177868326,"(35.22, 46.88]",30,0.17737425813516694,0.43333333333333335,0.43333333333333335,0.5,0.43122184954055814,0.04863349658733995,False
no_error,3,18.6,0.8246545145969123,0.7788433969777241,0.5652318297989696,"(35.22, 46.88]",30,0.1753454854030877,0.4400000000000001,0.4400000000000001,0.5076923076923078,0.42575703144343247,0.047058423589564254,False
no_error,3,18.7,0.8267535369415835,0.782108240403823,0.5745029895276831,"(35.22, 46.88]",30,0.1732464630584165,0.4466666666666666,0.4466666666666666,0.5153846153846153,0.42010298497777726,0.04561715525436873,False
no_error,3,18.8,0.8289241384581004,0.7854642669624509,0.5838858974418283,"(35.22, 46.88]",30,0.17107586154189958,0.45333333333333337,0.45333333333333337,0.5230769230769231,0.4142561287668535,0.04431222399753131,False
no_error,3,18.9,0.8311672600937642,0.7889108433658443,0.5933769475623184,"(35.22, 46.88]",30,0.16883273990623582,0.4599999999999999,0.4599999999999999,0.5307692307692307,0.4082139282212723,0.04314542204439683,False
no_error,3,19.0,0.8334834541067839,0.7924468612056265,0.6029716825968915,"(35.22, 46.88]",30,0.16651654589321607,0.4666666666666667,0.4666666666666667,0.5384615384615384,0.4019748957467812,0.04211780128294822,False
no_error,3,19.1,0.8358728719528811,0.7960707250316024,0.6126647651914826,"(35.22, 46.88]",30,0.16412712804711893,0.47333333333333344,0.47333333333333344,0.5461538461538462,0.39553862337359913,0.04122965019138466,False
no_error,3,19.2,0.8383352437415386,0.7997803361884438,0.622449933148985,"(35.22, 46.88]",30,0.16166475625846144,0.4799999999999999,0.4799999999999999,0.5538461538461538,0.3889058380942366,0.04048045470837208,False
no_error,3,19.3,0.8408698844656785,0.8035731034740483,0.6323200135972652,"(35.22, 46.88]",30,0.15913011553432155,0.4866666666666667,0.4866666666666667,0.5615384615384615,0.3820783850828806,0.039868910098730156,False
no_error,3,19.4,0.8434756949937072,0.807445951400803,0.6422669166315818,"(35.22, 46.88]",30,0.15652430500629277,0.49333333333333323,0.49333333333333323,0.5692307692307691,0.3750592250231642,0.03939292284298534,False
no_error,3,19.5,0.846151148096506,0.8113953088978425,0.6522816233363863,"(35.22, 46.88]",30,0.15384885190349396,0.5,0.5,0.5769230769230769,0.36785247174666413,0.039049584022932585,False
no_error,3,19.6,0.8488942966640864,0.8154171260186309,0.66235420784627,"(35.22, 46.88]",30,0.15110570333591355,0.5066666666666667,0.5066666666666667,0.5846153846153846,0.3604633701000475,0.03883518497192764,False
no_error,3,19.7,0.8517027878904723,0.8195068959756642,0.6724738662190869,"(35.22, 46.88]",30,0.14829721210952773,0.5133333333333333,0.5133333333333333,0.5923076923076923,0.3528982577358635,0.03874524429287615,False
no_error,3,19.8,0.8545738631506825,0.8236596627139721,0.6826289406288341,"(35.22, 46.88]",30,0.1454261368493175,0.52,0.52,0.6,0.34516456544390994,0.038774507623922434,False
no_error,3,19.9,0.8575043649220686,0.8278700355688469,0.692806953267077,"(35.22, 46.88]",30,0.1424956350779314,0.5266666666666666,0.5266666666666666,0.6076923076923076,0.33727079850752345,0.03891696082154333,False
no_error,3,20.0,0.8604907649263478,0.8321322281783304,0.7029946769813532,"(35.22, 46.88]",30,0.1395092350736522,0.5333333333333333,0.5333333333333333,0.6153846153846153,0.32922646089859126,0.03916588356276899,False
no_error,3,20.1,0.8635291783926959,0.8364400839690509,0.7131781949140166,"(35.22, 46.88]",30,0.13647082160730406,0.5400000000000001,0.5400000000000001,0.6230769230769232,0.32104201685766987,0.03951387651214202,False
no_error,3,20.2,0.866615374281806,0.8407870944794874,0.7233429550838025,"(35.22, 46.88]",30,0.13338462571819398,0.5466666666666666,0.5466666666666666,0.6307692307692307,0.3127288633538772,0.03995288079551443,False
no_error,3,20.3,0.8697448105361466,0.8451664466951238,0.7334738722846593,"(35.22, 46.88]",30,0.1302551894638534,0.5533333333333333,0.5533333333333333,0.6384615384615384,0.3042992351327829,0.04047424514132749,False
no_error,3,20.4,0.8729126641553725,0.8495710666673538,0.7435554263362298,"(35.22, 46.88]",30,0.1270873358446275,0.5599999999999999,0.5599999999999999,0.6461538461538461,0.29576612370356514,0.041068783165343604,False
no_error,3,20.5,0.8761138478012227,0.8539936460711205,0.753571741329778,"(35.22, 46.88]",30,0.1238861521987773,0.5666666666666667,0.5666666666666667,0.6538461538461539,0.2871432326111085,0.04172680499804849,False
no_error,3,20.6,0.8793430477929961,0.8584266916874419,0.7635067062528956,"(35.22, 46.88]",30,0.1206569522070039,0.5733333333333335,0.5733333333333335,0.6615384615384616,0.27844487508922117,0.04243818965475574,False
no_error,3,20.7,0.8825947649418212,0.862862580538597,0.77334409952838,"(35.22, 46.88]",30,0.11740523505817879,0.58,0.58,0.6692307692307692,0.2696858640671136,0.04319246281277164,False
no_error,3,20.8,0.8858633425540623,0.867293599764476,0.7830676999825948,"(35.22, 46.88]",30,0.1141366574459377,0.5866666666666667,0.5866666666666667,0.6769230769230768,0.26088143673782455,0.04397885014957194,False
no_error,3,20.9,0.8891430010485534,0.8717119913075967,0.792661406371791,"(35.22, 46.88]",30,0.11085699895144663,0.5933333333333333,0.5933333333333333,0.6846153846153845,0.2520471613112625,0.044786343278359425,False
no_error,3,21.0,0.8924278860374788,0.8761100127849187,0.802109378549489,"(35.22, 46.88]",30,0.1075721139625212,0.6,0.6,0.6923076923076923,0.24319880750079975,0.04560379132787114,False
no_error,3,21.1,0.8957121045920033,0.8804799861005461,0.8113961630440396,"(35.22, 46.88]",30,0.10428789540799666,0.6066666666666668,0.6066666666666668,0.7000000000000002,0.23435224883610026,0.04641997001764043,False
no_error,3,21.2,0.8989897569952451,0.8848143403096594,0.820506806044449,"(35.22, 46.88]",30,0.10101024300475492,0.6133333333333333,0.6133333333333333,0.7076923076923076,0.22552337713149803,0.04722364213798666,False
no_error,3,21.3,0.9022549847443719,0.8891056650866273,0.8294269875169248,"(35.22, 46.88]",30,0.09774501525562806,0.62,0.62,0.7153846153846154,0.21672797318480874,0.04800364897976133,False
no_error,3,21.4,0.9055020102238457,0.8933467647750557,0.8381431463457707,"(35.22, 46.88]",30,0.09449798977615431,0.6266666666666666,0.6266666666666666,0.723076923076923,0.20798159991121365,0.04874898590010507,False
no_error,3,21.5,0.9087251668642257,0.8975306953845373,0.8466425733829748,"(35.22, 46.88]",30,0.09127483313577434,0.6333333333333333,0.6333333333333333,0.7307692307692307,0.19929952110578375,0.0494488597660163,False
no_error,3,21.6,0.9119189398155008,0.9016508086939947,0.8549135242662214,"(35.22, 46.88]",30,0.08808106018449924,0.6400000000000001,0.6400000000000001,0.7384615384615386,0.19069659188346957,0.05009276642497823,False
no_error,3,21.7,0.915078003540048,0.905700800332969,0.8629453129256529,"(35.22, 46.88]",30,0.08492199645995202,0.6466666666666666,0.6466666666666666,0.7461538461538461,0.18218715741656122,0.05067056230838761,False
no_error,3,21.8,0.9181972494984156,0.9096747396425502,0.8707283883223371,"(35.22, 46.88]",30,0.08180275050158436,0.6533333333333334,0.6533333333333334,0.7538461538461539,0.17378497835868145,0.05117251716475364,False
no_error,3,21.9,0.9212718156855302,0.9135671014658422,0.8782543971245976,"(35.22, 46.88]",30,0.07872818431446982,0.6599999999999999,0.6599999999999999,0.7615384615384614,0.16550315128437215,0.051589370317408095,False
no_error,3,22.0,0.9242971136334643,0.917372906966393,0.8855163974481575,"(35.22, 46.88]",30,0.07570288636653566,0.6666666666666666,0.6666666666666666,0.7692307692307692,0.15735403595289596,0.05191238209676184,False
no_error,3,22.1,0.9272688400120576,0.9210879559030547,0.8925091837405001,"(35.22, 46.88]",30,0.07273115998794244,0.6733333333333335,0.6733333333333335,0.776923076923077,0.14934922406014242,0.05213335593604628,False
no_error,3,22.2,0.9301830021623981,0.9247085311446592,0.8992288445998038,"(35.22, 46.88]",30,0.06981699783760187,0.6799999999999999,0.6799999999999999,0.7846153846153845,0.14149947046018235,0.052244687005017464,False
no_error,3,22.3,0.9330359402986146,0.9282313420877755,0.9056726662637854,"(35.22, 46.88]",30,0.06696405970138541,0.6866666666666668,0.6866666666666668,0.7923076923076924,0.13381463336125454,0.05223940449777897,False
no_error,3,22.4,0.9358243483965385,0.9316535446138111,0.9118391406561398,"(35.22, 46.88]",30,0.0641756516034615,0.6933333333333332,0.6933333333333332,0.7999999999999998,0.12630361805887064,0.052111211419486554,False
no_error,3,22.5,0.9385452938488433,0.9349727575275368,0.91772795801455,"(35.22, 46.88]",30,0.06145470615115667,0.7,0.7,0.8076923076923076,0.1189743239916106,0.051854522023552174,False
no_error,3,22.6,0.9411962147999865,0.9381870540670544,0.9233399671580184,"(35.22, 46.88]",30,0.0588037852000135,0.7066666666666668,0.7066666666666668,0.8153846153846155,0.11183365191987509,0.0514644567355014,False
no_error,3,22.7,0.9437749150585962,0.9412949533824403,0.9286771227368336,"(35.22, 46.88]",30,0.05622508494140377,0.7133333333333333,0.7133333333333333,0.8230769230769229,0.10488751763017055,0.05093683246257981,False
no_error,3,22.8,0.946279557533278,0.9442954069156585,0.933742425788369,"(35.22, 46.88]",30,0.05372044246672203,0.7200000000000001,0.7200000000000001,0.8307692307692308,0.09814086961679622,0.05026815009091119,False
no_error,3,22.9,0.9487086611617211,0.9471877900308504,0.938539864343212,"(35.22, 46.88]",30,0.051291338838278855,0.7266666666666666,0.7266666666666666,0.8384615384615384,0.09159769735377733,0.04945558863635949,False
no_error,3,23.0,0.9510610938762001,0.9499718884420474,0.9430743451851842,"(35.22, 46.88]",30,0.04893890612379992,0.7333333333333333,0.7333333333333333,0.846153846153846,0.08526105024339373,0.04849699184589369,False
no_error,3,23.1,0.953336062294712,0.9526478824534496,0.947351615433801,"(35.22, 46.88]",30,0.04666393770528798,0.7400000000000001,0.7400000000000001,0.8538461538461539,0.07913306538471916,0.047390848562266566,False
no_error,3,23.2,0.955533101562839,0.9552163288185442,0.9513781845565812,"(35.22, 46.88]",30,0.04446689843716101,0.7466666666666666,0.7466666666666666,0.8615384615384615,0.07321499493616232,0.04613627337577672,False
no_error,3,23.3,0.9576520603639105,0.9575627476745429,0.9551612378201314,"(35.22, 46.88]",30,0.042347939636089516,0.7533333333333334,0.7533333333333334,0.8692307692307693,0.06750724649294886,0.0447329780730757,False
no_error,3,23.4,0.9596930828615229,0.9595073171829307,0.9587085474806608,"(35.22, 46.88]",30,0.040306917138477116,0.7599999999999999,0.7599999999999999,0.8769230769230768,0.062009431727782116,0.04318123724302844,False
no_error,3,23.5,0.9616565936746742,0.9613304792445463,0.961317060020773,"(35.22, 46.88]",30,0.038343406325325846,0.7666666666666667,0.7666666666666667,0.8846153846153847,0.05672040686267864,0.04148185965880306,False
no_error,3,23.6,0.9635432778318775,0.963056056906129,0.9630427275295452,"(35.22, 46.88]",30,0.03645672216812246,0.7733333333333334,0.7733333333333334,0.8923076923076924,0.0516383266657122,0.039636150096407696,False
no_error,3,23.7,0.9653540585721471,0.9647002749410764,0.9646868142713994,"(35.22, 46.88]",30,0.03464594142785293,0.7799999999999999,0.7799999999999999,0.8999999999999999,0.04676070424754721,0.0376458670521556,False
no_error,3,23.8,0.9670900782365714,0.9662573467905027,0.966251193757969,"(35.22, 46.88]",30,0.03290992176342855,0.7866666666666667,0.7866666666666667,0.9076923076923077,0.042084462532986415,0.03551318634678469,False
no_error,3,23.9,0.968752677910332,0.9677470990392911,0.9677456376073984,"(35.22, 46.88]",30,0.03124732208966796,0.7933333333333332,0.7933333333333332,0.9153846153846152,0.03760598909839411,0.0332406623495446,False
no_error,3,24.0,0.9703433731998715,0.969176720808199,0.9691739545696564,"(35.22, 46.88]",30,0.029656626800128483,0.8,0.8,0.9230769230769231,0.03332120141969793,0.030831181840890832,False
no_error,3,24.1,0.9718638333739305,0.9705481463167633,0.970540206494127,"(35.22, 46.88]",30,0.028136166626069548,0.8066666666666668,0.8066666666666668,0.9307692307692308,0.029225603059284042,0.028287924282351853,False
no_error,3,24.2,0.9733158631173706,0.9718711266647506,0.9718444615875472,"(35.22, 46.88]",30,0.026684136882629383,0.8133333333333332,0.8133333333333332,0.9384615384615383,0.025314332814940756,0.025614327062976006,False
no_error,3,24.3,0.9747013791610858,0.973144004830056,0.9730986363348972,"(35.22, 46.88]",30,0.02529862083891421,0.8200000000000001,0.8200000000000001,0.9461538461538462,0.021582227670865442,0.022814040986248493,False
no_error,3,24.4,0.9760223901893397,0.974367669859716,0.9743052708599408,"(35.22, 46.88]",30,0.023977609810660327,0.8266666666666665,0.8266666666666665,0.9538461538461537,0.018023876920406686,0.01989089199953415,False
no_error,3,24.5,0.9772809806147733,0.9755431232988158,0.9754652734316602,"(35.22, 46.88]",30,0.02271901938522669,0.8333333333333334,0.8333333333333334,0.9615384615384616,0.014633665870630903,0.016848850290279813,False
no_error,3,24.6,0.9784792916926942,0.9766714624711521,0.9765796506437142,"(35.22, 46.88]",30,0.02152070830730579,0.8400000000000001,0.8400000000000001,0.9692307692307693,0.01140582671395175,0.013691994314342818,False
no_error,3,24.7,0.9796195029225058,0.977753865960654,0.9776494928595773,"(35.22, 46.88]",30,0.02038049707749423,0.8466666666666666,0.8466666666666666,0.9769230769230768,0.008334488626302032,0.010424475371232408,False
no_error,3,24.8,0.9807038183649156,0.9787915810449315,0.978675962258658,"(35.22, 46.88]",30,0.019296181635084397,0.8533333333333334,0.8533333333333334,0.9846153846153847,0.005413714623882792,0.007050491542452121,False
no_error,3,24.9,0.9817344535179412,0.9797859136973436,0.9796602822866728,"(35.22, 46.88]",30,0.018265546482058803,0.8599999999999999,0.8599999999999999,0.9923076923076921,0.00263753691470399,0.0035742626941872844,False
no_error,3,25.0,0.9827136193158327,0.9807382115488765,0.9806037218500988,"(35.22, 46.88]",30,0.017286380684167324,0.8666666666666667,0.8666666666666667,1.0,0.0,0.0,False
