scenario,q,Group,BMI_interval,BMI_lower,BMI_upper,N,group_curve_cost,recommended_GA,week_day,mean_reliability,q10_reliability,min_reliability,proportion_at_or_above_q,any_below_q,marked_tail_failure
no_error,0.9,1,"[20.70, 32.09]",20.703125,32.0931884444288,158,0.4689172902947121,17.2,17周+1天,0.9004214465086882,0.8892664580600825,0.7852445821974575,0.6139240506329114,True,True
no_error,0.9,2,"(32.09, 35.22]",32.0931884444288,35.2208681140727,79,0.20725727817557527,18.4,18周+3天,0.900157727528951,0.8833335048740588,0.874518002555216,0.5949367088607594,True,False
no_error,0.9,3,"(35.22, 46.88]",35.2208681140727,46.875,30,4.133867995624712,21.3,21周+2天,0.9022549847443719,0.8891056650866273,0.8294269875169248,0.6666666666666666,True,True
no_error,0.95,1,"[20.70, 32.09]",20.703125,32.0931884444288,158,0.4689172902947121,21.2,21周+1天,0.9507959442932042,0.941916288910277,0.9040977578937892,0.6835443037974683,True,False
no_error,0.95,2,"(32.09, 35.22]",32.0931884444288,35.2208681140727,79,0.20725727817557527,22.6,22周+4天,0.9511220997653662,0.9468331020126575,0.9454567968756902,0.620253164556962,True,False
no_error,0.95,3,"(35.22, 46.88]",35.2208681140727,46.875,30,4.133867995624712,23.0,23周+0天,0.9510610938762001,0.9499718884420474,0.9430743451851842,0.9,True,False
no_error,0.975,1,"[20.70, 32.09]",20.703125,32.0931884444288,158,0.4689172902947121,23.0,23周+0天,0.9750788690069391,0.9660395200929676,0.9576853963293284,0.5822784810126582,True,False
no_error,0.975,2,"(32.09, 35.22]",32.0931884444288,35.2208681140727,79,0.20725727817557527,24.4,24周+3天,0.9755668299787775,0.9743441234089636,0.9742866187373003,0.620253164556962,True,False
no_error,0.975,3,"(35.22, 46.88]",35.2208681140727,46.875,30,4.133867995624712,24.4,24周+3天,0.9760223901893395,0.9743676698597159,0.9743052708599408,0.5333333333333333,True,False
