model_key,Model,Label,Metric level,PR-AUC,ROC-AUC,Recall,Precision,F1,F2,Specificity,Balanced Accuracy,Brier,Accuracy,TN,FP,FN,TP
B0,B0 raw Z>3,T13,row-level,0.036632321068037155,0.4205139698192141,0.043478260869565216,0.05263157894736842,0.047619047619047616,0.04504504504504504,0.9690721649484536,0.5062752129090095,0.45259957365319925,0.9338842975206612,564.0,18.0,22.0,1.0
B0,B0 raw Z>3,T13,patient-weighted,0.055628002836640426,0.4798041778041777,0.032432432432432434,0.053030303030303025,0.04024916147580259,0.035164099129269925,0.974640743871513,0.5035365881519727,0.43925106175192424,0.9351149983803044,137.26190476190465,3.5714285714285716,5.966666666666667,0.2
B0,B0 raw Z>3,T18,row-level,0.08141148492239715,0.5449949443882709,0.0,0.0,0.0,0.0,0.9409660107334525,0.47048300536672627,0.5106254327612502,0.8694214876033057,526.0,33.0,46.0,0.0
B0,B0 raw Z>3,T18,patient-weighted,0.09118349515095724,0.5732073721772859,0.0,0.0,0.0,0.0,0.9568335208098988,0.4784167604049494,0.49143612216015936,0.8817622287010042,129.61904761904773,5.84761904761905,11.53333333333333,0.0
B0,B0 raw Z>3,T21,row-level,0.02399641523623151,0.5097453222453223,0.0,0.0,0.0,0.0,1.0,0.5,0.3154216370032666,0.9785123966942149,592.0,0.0,13.0,0.0
B0,B0 raw Z>3,T21,patient-weighted,0.025487088869878258,0.4945781022436073,0.0,0.0,0.0,0.0,1.0,0.5,0.3153163211243574,0.9761904761904762,143.49999999999977,0.0,3.5,0.0
B0,B0 raw Z>3,Any,row-level,0.11085979341788071,0.5019419630472174,0.04477611940298507,0.07142857142857142,0.05504587155963303,0.04838709677419355,0.9275092936802974,0.48614270654164127,0.7539674126402366,0.8297520661157025,499.0,39.0,64.0,3.0
B0,B0 raw Z>3,Any,patient-weighted,0.12881140092387175,0.5307697354135232,0.035573122529644285,0.07597226409406088,0.04845687914623595,0.03980665339778222,0.9439219847775175,0.4897475536535809,0.7416499605039516,0.8396987366375122,122.83571428571439,7.297619047619052,16.266666666666666,0.6000000000000001
B1,B1 calibrated Z*>3,T13,row-level,0.08621361463914344,0.5193485731361123,0.043478260869565216,0.14285714285714285,0.06666666666666667,0.050505050505050504,0.9896907216494846,0.5165844912595249,0.337188113549837,0.9537190082644628,576.0,6.0,22.0,1.0
B1,B1 calibrated Z*>3,T13,patient-weighted,0.21452448537946373,0.5782655030347337,0.16216216216216214,0.4375,0.23661971830985915,0.18551236749116606,0.9908706677937448,0.5765164149779535,0.32996122418120905,0.9561062520246193,139.54761904761887,1.2857142857142856,5.166666666666667,1.0
B1,B1 calibrated Z*>3,T18,row-level,0.10112521324237633,0.6181068678540873,0.0,0.0,0.0,0.0,0.9892665474060823,0.49463327370304117,0.3180934028088744,0.9140495867768595,553.0,6.0,46.0,0.0
B1,B1 calibrated Z*>3,T18,patient-weighted,0.14576079571055633,0.6550886849494248,0.0,0.0,0.0,0.0,0.9900344488188977,0.49501722440944884,0.3045020553549306,0.9123582766439909,134.1166666666666,1.3499999999999999,11.53333333333333,0.0
B1,B1 calibrated Z*>3,T21,row-level,0.026680209130077202,0.5699064449064449,0.0,0.0,0.0,0.0,0.9983108108108109,0.49915540540540543,0.34507317280192856,0.9768595041322314,591.0,1.0,13.0,0.0
B1,B1 calibrated Z*>3,T21,patient-weighted,0.028292505035692517,0.5541597204115869,0.0,0.0,0.0,0.0,0.9988385598141696,0.4994192799070848,0.34555444331563245,0.9750566893424036,143.33333333333314,0.16666666666666666,3.5,0.0
B1,B1 calibrated Z*>3,Any,row-level,0.16045828492540476,0.5471064750596459,0.04477611940298507,0.21428571428571427,0.07407407407407407,0.05319148936170213,0.9795539033457249,0.512165011374355,0.6862284145191554,0.8760330578512396,527.0,11.0,64.0,3.0
B1,B1 calibrated Z*>3,Any,patient-weighted,0.22616267992348388,0.5721008924328822,0.09387351778656129,0.4164057608015028,0.15320815574242605,0.1110814151605252,0.9829478922716628,0.538410705029112,0.6777747382364673,0.8809361839974084,127.91428571428585,2.219047619047619,15.283333333333328,1.5833333333333333
B1_FDR,B1 calibrated BH-FDR,T13,row-level,0.09139390808093226,0.551994621246078,0.043478260869565216,0.0625,0.05128205128205128,0.046296296296296294,0.9742268041237113,0.5088525324966383,0.22976185400548518,0.9388429752066115,567.0,15.0,22.0,1.0
B1_FDR,B1 calibrated BH-FDR,T13,patient-weighted,0.22194306614146986,0.6072180667565283,0.16216216216216214,0.24361948955916476,0.19471488178025034,0.17378351539225423,0.9779543533389686,0.5700582577505654,0.21966002729916548,0.9437317784256559,137.7285714285713,3.1047619047619044,5.166666666666667,1.0
B1_FDR,B1 calibrated BH-FDR,T18,row-level,0.10113827857839758,0.6062456249513883,0.043478260869565216,0.08695652173913043,0.057971014492753624,0.04830917874396135,0.962432915921288,0.5029555883954266,0.2252458388554721,0.8925619834710744,538.0,21.0,44.0,2.0
B1_FDR,B1 calibrated BH-FDR,T18,patient-weighted,0.14696194084983238,0.6388672971378939,0.10838150289017344,0.23016220955721178,0.14736842105263162,0.1212079235351157,0.9691366704161979,0.5387590866531856,0.21284235291717166,0.901603498542274,131.28571428571433,4.180952380952381,10.283333333333333,1.25
B1_FDR,B1 calibrated BH-FDR,T21,row-level,0.02457075473159812,0.5081860706860707,0.0,0.0,0.0,0.0,0.9695945945945946,0.4847972972972973,0.2303959818273386,0.9487603305785124,574.0,18.0,13.0,0.0
B1_FDR,B1 calibrated BH-FDR,T21,patient-weighted,0.02673027788058616,0.5046865823371545,0.0,0.0,0.0,0.0,0.9701509872241579,0.48507549361207897,0.2300535419651657,0.9470521541950113,139.2166666666665,4.283333333333334,3.5,0.0
B1_FDR,B1 calibrated BH-FDR,Any,row-level,0.1610500529180002,0.5446651500860012,0.07462686567164178,0.1,0.08547008547008547,0.07861635220125786,0.9163568773234201,0.49549187149753093,0.5149757522651195,0.8231404958677686,493.0,45.0,62.0,5.0
B1_FDR,B1 calibrated BH-FDR,Any,patient-weighted,0.22753149697575492,0.5708082284155321,0.11857707509881427,0.1822521154263398,0.143675703412298,0.12748520261041132,0.9310414227166276,0.524809248907721,0.5031883398028159,0.8378198898607062,121.15952380952393,8.973809523809527,14.86666666666666,1.9999999999999998
M1_raw,M1-raw Elastic-Net,T13,row-level,0.18288489062083607,0.7226953533542506,0.6956521739130435,0.06837606837606838,0.1245136186770428,0.24539877300613497,0.6254295532646048,0.6605408635888241,0.14532033149171167,0.628099173553719,364.0,218.0,7.0,16.0
M1_raw,M1-raw Elastic-Net,T13,patient-weighted,0.18258553727419974,0.7218899728130496,0.7324324324324324,0.07679540118209044,0.13901509599882736,0.27052079174034543,0.614454775993238,0.6734436042128352,0.14618096679173834,0.6194039520570133,86.5357142857145,54.29761904761908,1.65,4.516666666666667
M1_raw,M1-raw Elastic-Net,T18,row-level,0.4661469073947524,0.8136423738041534,0.717391304347826,0.2037037037037037,0.3173076923076923,0.476878612716763,0.7692307692307693,0.7433110367892977,0.13549977623886175,0.7652892561983471,430.0,129.0,13.0,33.0
M1_raw,M1-raw Elastic-Net,T18,patient-weighted,0.5396705464474549,0.8368424655687912,0.7543352601156073,0.22437826220448268,0.34587533721425534,0.5123243879868766,0.7779984533183354,0.7661668567169712,0.13106679120416115,0.7761418853255588,105.39285714285724,30.0738095238095,2.8333333333333335,8.700000000000001
M1_raw,M1-raw Elastic-Net,T21,row-level,0.09832938880491944,0.4941528066528067,0.6153846153846154,0.0213903743315508,0.041343669250646,0.09389671361502347,0.38175675675675674,0.4985706860706861,0.15977274846027634,0.3867768595041322,226.0,366.0,5.0,8.0
M1_raw,M1-raw Elastic-Net,T21,patient-weighted,0.09607379874827456,0.4911864862088851,0.5952380952380951,0.022721371072448683,0.04377188594297143,0.09855823383644953,0.3755599800895965,0.48539903766384584,0.16104019941404737,0.38079041140265635,53.89285714285717,89.607142857143,1.4166666666666665,2.083333333333333
M1_raw,M1-raw Elastic-Net,Any,row-level,0.3955210509768079,0.7232147811130223,0.8805970149253731,0.125531914893617,0.21973929236499068,0.3997289972899729,0.23605947955390336,0.5583282472396383,0.34540705746513195,0.3074380165289256,127.0,411.0,8.0,59.0
M1_raw,M1-raw Elastic-Net,Any,patient-weighted,0.4515373479413285,0.7375504304030789,0.8794466403162056,0.12915129151291496,0.2252268536929248,0.40679604043147777,0.23141100702576084,0.5554288236709832,0.34174312856791483,0.3057661159701976,30.114285714285703,100.01904761904773,2.033333333333333,14.833333333333329
M1,M1 calibrated Elastic-Net,T13,row-level,0.1791680709116251,0.720230091139997,0.6521739130434783,0.057692307692307696,0.10600706713780919,0.21306818181818182,0.5790378006872853,0.6156058568653817,0.1636309563932043,0.5818181818181818,337.0,245.0,8.0,15.0
M1,M1 calibrated Elastic-Net,T13,patient-weighted,0.3071047157681014,0.7564976811130659,0.6972972972972973,0.06723001898522123,0.12263606423793826,0.24259194583993746,0.5763820794590028,0.63683968837815,0.16002820358229294,0.5814544865565273,81.17380952380971,59.659523809523876,1.8666666666666665,4.3
M1,M1 calibrated Elastic-Net,T18,row-level,0.4746922146723478,0.8094423271369682,0.717391304347826,0.21428571428571427,0.33,0.4881656804733728,0.7835420393559929,0.7504666718519095,0.13208844540840523,0.7785123966942149,438.0,121.0,13.0,33.0
M1,M1 calibrated Elastic-Net,T18,patient-weighted,0.5423126094688967,0.8309954555219978,0.7658959537572257,0.2342763324071736,0.35880077369439084,0.526809042371919,0.7868742969628798,0.7763851253600527,0.12946471108906926,0.7852283770651117,106.59523809523822,28.871428571428556,2.6999999999999997,8.833333333333334
M1,M1 calibrated Elastic-Net,T21,row-level,0.10284592629494681,0.5232588357588358,0.6923076923076923,0.025787965616045846,0.049723756906077346,0.11221945137157108,0.42567567567567566,0.558991683991684,0.1613481556650011,0.43140495867768597,252.0,340.0,4.0,9.0
M1,M1 calibrated Elastic-Net,T21,patient-weighted,0.10054615278740786,0.513718689179117,0.6666666666666666,0.02775312930692689,0.05328789965924733,0.11895706216518014,0.4303744261932412,0.5485205464299538,0.16244760190031152,0.4360004319187992,61.75873015873021,81.74126984127001,1.1666666666666665,2.333333333333333
M1,M1 calibrated Elastic-Net,Any,row-level,0.3611799613790232,0.7642456860678023,0.9253731343283582,0.13626373626373625,0.23754789272030652,0.4287690179806362,0.2695167286245353,0.5974449314764467,0.35039151278974223,0.3421487603305785,145.0,393.0,5.0,62.0
M1,M1 calibrated Elastic-Net,Any,patient-weighted,0.42626516097447903,0.7753036334285223,0.923913043478261,0.14170858623402285,0.24572776592349685,0.4391301041745871,0.27471213895394186,0.5993125912161015,0.3446669591313847,0.3492009502213584,35.74920634920634,94.38412698412712,1.2833333333333332,15.583333333333329
M2,M2 calibrated Random Forest,T13,row-level,0.2740697521735525,0.7458538771851188,0.7391304347826086,0.08133971291866028,0.14655172413793102,0.2823920265780731,0.6701030927835051,0.7046167637830569,0.038969112827127256,0.6727272727272727,390.0,192.0,6.0,17.0
M2,M2 calibrated Random Forest,T13,patient-weighted,0.36025301354276873,0.7734756040909887,0.7648648648648648,0.08999364002543984,0.16103945371775408,0.30596799769352734,0.6613412228796848,0.7131030438722747,0.0398606593559278,0.6656840513983371,93.13888888888906,47.694444444444464,1.45,4.716666666666667
M2,M2 calibrated Random Forest,T18,row-level,0.3524845719033531,0.8146534961499572,0.7391304347826086,0.17989417989417988,0.28936170212765955,0.45576407506702415,0.7227191413237924,0.7309247880532006,0.06799278993174397,0.7239669421487603,404.0,155.0,12.0,34.0
M2,M2 calibrated Random Forest,T18,patient-weighted,0.36241553189232556,0.8282381852512297,0.7803468208092487,0.19057542350094095,0.3063374574531307,0.4820116974972795,0.717824334458193,0.7490855776337209,0.0684407650372105,0.7227297268113595,97.24126984126994,38.22539682539682,2.533333333333333,8.999999999999998
M2,M2 calibrated Random Forest,T21,row-level,0.023969759264264937,0.5037681912681913,0.5384615384615384,0.01907356948228883,0.03684210526315789,0.08353221957040573,0.3918918918918919,0.46517671517671516,0.026310312341282595,0.3950413223140496,232.0,360.0,6.0,7.0
M2,M2 calibrated Random Forest,T21,patient-weighted,0.026355017352041064,0.5095314471123332,0.5476190476190476,0.02201538798133017,0.04232906245070364,0.09482785700823,0.40666445439964566,0.47714175100934664,0.02831320232705766,0.41002051614296514,58.35634920634924,85.14365079365098,1.5833333333333333,1.9166666666666665
M2,M2 calibrated Random Forest,Any,row-level,0.3737418745401896,0.7493480552627199,0.8507462686567164,0.12808988764044943,0.22265625,0.3997194950911641,0.2788104089219331,0.5647783387893248,0.1188842001192129,0.3421487603305785,150.0,388.0,10.0,57.0
M2,M2 calibrated Random Forest,Any,patient-weighted,0.41152726120689254,0.7585625439206496,0.8498023715415021,0.13332742735648456,0.23049238073359338,0.40959068147180455,0.28403103044496447,0.5669167009932332,0.1181054193114234,0.34894719792678974,36.961904761904755,93.17142857142873,2.533333333333333,14.333333333333329
M3,M3 calibrated LightGBM,T13,row-level,0.1366075495803914,0.6733154041535934,0.7391304347826086,0.0625,0.1152542372881356,0.23351648351648352,0.5618556701030928,0.6504930524428507,0.04074613624657551,0.5685950413223141,327.0,255.0,6.0,17.0
M3,M3 calibrated LightGBM,T13,patient-weighted,0.12840864473806504,0.6662242276088428,0.7648648648648648,0.06990942242089156,0.12810950635912893,0.2559651994142473,0.5544265990419839,0.6596457319534244,0.04456602368482605,0.5632545081524674,78.0817460317462,62.751587301587385,1.45,4.716666666666667
M3,M3 calibrated LightGBM,T18,row-level,0.34390849040179367,0.7353581706463405,0.8260869565217391,0.14074074074074075,0.24050632911392406,0.4185022026431718,0.5849731663685152,0.7055300614451272,0.07413522758865718,0.6033057851239669,327.0,232.0,8.0,38.0
M3,M3 calibrated LightGBM,T18,patient-weighted,0.3286350235266068,0.7182400356340936,0.8439306358381505,0.14824126677142493,0.2521848203820606,0.4353320365190473,0.5871648856392955,0.7155477607387228,0.07646497429278518,0.6073102256775726,79.54126984126998,55.925396825396845,1.8,9.733333333333333
M3,M3 calibrated LightGBM,T21,row-level,0.020650434003818788,0.45114345114345117,0.7692307692307693,0.021413276231263382,0.041666666666666664,0.09633911368015415,0.22804054054054054,0.4986356548856549,0.025248852442984845,0.2396694214876033,135.0,457.0,3.0,10.0
M3,M3 calibrated LightGBM,T21,patient-weighted,0.022615671441473553,0.448448911116905,0.738095238095238,0.023051591657519178,0.04470693266490397,0.10245837136831489,0.23704441126043882,0.4875698246778385,0.02721086335001663,0.24897419285174385,34.015873015873005,109.48412698412713,0.9166666666666665,2.583333333333333
M3,M3 calibrated LightGBM,Any,row-level,0.3626878875516762,0.6926427342839704,0.9402985074626866,0.11645101663585952,0.20723684210526316,0.38936959208899874,0.11152416356877323,0.5259113355157299,0.10149650496810861,0.20330578512396694,60.0,478.0,4.0,63.0
M3,M3 calibrated LightGBM,Any,patient-weighted,0.3607875701255915,0.679433967931273,0.9357707509881423,0.12065450839066634,0.21374907296939963,0.3980042748384924,0.11605313231850105,0.5259119416533217,0.10388060243842162,0.21010689990281828,15.102380952380951,115.03095238095253,1.0833333333333333,15.783333333333328
